更新日,dailyDose,服用禁止,妊婦・授乳婦注意,対象成分含有フラグ,成分情報_JSON,用法用量_JSON,付加情報_JSON,製品の特長,製品名,指定濫用(＊：同ﾌﾞﾗﾝﾄﾞ内に対象含む),package,大小分岐,注釈･補足等,"妊婦･授乳婦､医療現場における位置づけ
　成育医療センター（妊娠と薬情報センター）は、L分類をベースに、「日本の医療現場･OTCの実情に合わせた独自の安全リスト」を国（厚労省事業）の予算で常に最新に更新｡L1安全〜L5危険｡L3は、ﾃﾞｰﾀの不足の否定はできないが、「授乳はそのまま続けて構いません」と案内するのが標準的
　オーストラリア分類（TGA）は、2015年のFDA分類廃止以降､世界標準として「妊婦への薬のリスク」を最も客観的に数値化｡A最安全〜X禁忌｡「Cの薬は原則として避ける」｡（NSAIDsは、妊娠初期〜中期までは「C」だが、妊娠後期（28週以降）「禁忌」）"
2026/07/02 0:08:27,12,12歳未満の小児,授乳中の人は服用しないか、服用時は授乳を避けること。妊婦又は妊娠していると思われる人は相談すること。,"コデイン, メチルエフェドリン","{""basis"":""12錠中"",""ingredients"":[{""name"":""コデインリン酸塩水和物"",""id"":""D02101"",""amount"":50,""unit"":""mg""},{""name"":""dl-メチルエフェドリン塩酸塩"",""id"":""D02109"",""amount"":75,""unit"":""mg""},{""name"":""クロルフェニラミンマレイン酸塩"",""id"":""D00665"",""amount"":12,""unit"":""mg""},{""name"":""無水カフェイン"",""id"":""D00528"",""amount"":60,""unit"":""mg""},{""name"":""セネガ乾燥エキス"",""id"":""D06747"",""amount"":89.82,""unit"":""mg""},{""name"":""セネガ"",""id"":""D06747"",""amount"":1500,""unit"":""mg""}]}","{""adult_dose"":""3錠×3回（さらに就寝前に1回服用可能）"",""daily_dose"":12,""prohibited_age"":""12歳未満の小児""}","{""driving_warning"":""運転禁止"",""pregnancy_warning"":""授乳中の人は服用しないか、服用時は授乳を避けること。妊婦又は妊娠していると思われる人は相談すること。"",""drug_category"":""鎮咳去痰薬"",""category_limit"":5,""packages"":[{""package_type"":""48錠"",""estimated_days"":4,""capacity_judgment"":""小容量""}]}",アネトンせき止め錠は、いろいろな原因で起こる「せき」をしずめ「たん」の切れをよくします。飲みやすいフィルムコーティング錠で、12歳のお子様から服用できます。,アネトンせき止め錠,〇,,,,
2026/07/02 0:17:16,9,12才未満の小児,授乳中の人は服用しないか、本剤を服用する場合は授乳を避けること。妊婦又は妊娠していると思われる人は服用前に相談すること。,"ジヒドロコデイン,メチルエフェドリン","{""basis"":""3錠中"",""ingredients"":[{""name"":""グアイフェネシン"",""id"":""D00337"",""amount"":60,""unit"":""mg""},{""name"":""ジヒドロコデインリン酸塩"",""id"":""D01481"",""amount"":8,""unit"":""mg""},{""name"":""dl-メチルエフェドリン塩酸塩"",""id"":""D02109"",""amount"":20,""unit"":""mg""},{""name"":""アセトアミノフェン"",""id"":""D00217"",""amount"":300,""unit"":""mg""},{""name"":""クロルフェニラミンマレイン酸塩"",""id"":""D00665"",""amount"":2.5,""unit"":""mg""},{""name"":""無水カフェイン"",""id"":""D00528"",""amount"":25,""unit"":""mg""},{""name"":""リボフラビン"",""id"":""D00050"",""amount"":4,""unit"":""mg""}]}","{""adult_dose"":""3錠×3回"",""daily_dose"":9,""prohibited_age"":""12才未満の小児""}","{""driving_warning"":""運転禁止"",""pregnancy_warning"":""授乳中の人は服用しないか、本剤を服用する場合は授乳を避けること。妊婦又は妊娠していると思われる人は服用前に相談すること。"",""drug_category"":""かぜ薬"",""category_limit"":7,""packages"":[{""package_type"":""130錠"",""estimated_days"":14.4,""capacity_judgment"":""大容量""},{""package_type"":""210錠"",""estimated_days"":23.3,""capacity_judgment"":""大容量""}]}",パブロンゴールドA〈錠〉は、グアイフェネシンをはじめとする7種類の有効成分を配合したかぜ薬です。せき、たん、のどの痛み、くしゃみ、鼻水、鼻づまり、悪寒、発熱、頭痛、関節の痛み、筋肉の痛みなど、かぜの諸症状を総合的に緩和します。家庭の常備薬としてもおすすめです。,パブロンゴールドA〈錠〉,〇,,,"パブロンシリーズは基本はすべて対象、「パブロン50」のみ対象外
パブロンゴールドA〈錠〉：ﾎﾞﾄﾙ包装しか存在しない｡昔ながらの処方を守る、一番売れる大黒柱(Ace/Advanced予想)｡Aはﾊﾟﾌﾞﾛﾝにおける汎用の記号｡
        (1955年に「パブロンA・B」の2種発売。A：せきの出るかぜ用/B：熱の出るかぜ用。改良重ねられ「ゴールドA」となった現在でも「A」は「家族みんなで使える、せき・熱・鼻にバランスよく効く定番の常備薬」という記号)
        パブロンSゴールドW錠には30・42・60錠包装があり、すべてシート（PTP）包装。（「W」は、「2つの成分で、気道粘膜をダブルケア」）
        パブロンエースPro-X：大人専用。イブプロフェン600mgで「のどの痛み」に最強。
        パブロンS：5才（微粒は1才）から使えてノンカフェインのファミリー用。S：（Special / Superior）「優しさ・飲みやすさ」の進化系｡
　　パブロン鼻炎カプセルにはプソイドエフェドリン配合で、指定濫用対象？Saのこと？鼻炎速溶錠EXにも｡
　　持続性パブロン錠にはジヒドロｺﾃﾞｲﾝ・メチルエフェドリン配合。パブロンせき止めトリプル錠にはデキストロメトルファン配合
　★「パブロン」の大人向け（15才以上）の風邪薬・せき止め薬において、指定乱用成分非含有は「パブロン50」(麦門冬湯ﾍﾞｰｽ)｡",
2026/07/02 0:23:07,6,15才未満の小児,妊婦または妊娠していると思われる人は服用前に医師等に相談すること。授乳中は服用可能だが、念のため医師に相談すること。,-,"{""basis"":""6錠中"",""ingredients"":[{""name"":""サリチルアミド"",""id"":""D01811"",""amount"":648,""unit"":""mg""},{""name"":""アセトアミノフェン"",""id"":""D00217"",""amount"":360,""unit"":""mg""},{""name"":""無水カフェイン"",""id"":""D00528"",""amount"":144,""unit"":""mg""},{""name"":""プロメタジンメチレンジサリチル酸塩"",""id"":""D03290"",""amount"":32.4,""unit"":""mg""}]}","{""adult_dose"":""2錠×3回"",""daily_dose"":6,""prohibited_age"":""15才未満の小児""}","{""driving_warning"":""運転禁止"",""pregnancy_warning"":""妊婦または妊娠していると思われる人は服用前に医師等に相談すること。授乳中は服用可能だが、念のため医師に相談すること。"",""drug_category"":""かぜ薬"",""category_limit"":7,""packages"":[]}",パイロンPL錠は、サリチルアミド、アセトアミノフェン、プロメタジンメチレンジサリチル酸塩、無水カフェインの4つの有効成分を配合した非ピリン系のかぜ薬です。これらの成分の作用により、「のどの痛み」「発熱」「鼻みず」など、かぜの諸症状に優れた効果を発揮します。,パイロンPL錠,対象外,無,,パイロン：「PL錠・PL錠Pro・PL顆粒・PL顆粒Pro」は指定濫用対象外、「PL錠ゴールド・溶かしてのむかぜ薬」は対象,
2026/07/02 0:34:59,6,15才未満の小児,妊婦または妊娠していると思われる人は服用前に相談,デキストロメトルファン,"{""basis"":""6錠中"",""ingredients"":[{""name"":""サリチルアミド"",""id"":""D01811"",""amount"":648,""unit"":""mg""},{""name"":""アセトアミノフェン"",""id"":""D00217"",""amount"":360,""unit"":""mg""},{""name"":""無水カフェイン"",""id"":""D00528"",""amount"":144,""unit"":""mg""},{""name"":""プロメタジンメチレンジサリチル酸塩"",""id"":""D03290"",""amount"":32.4,""unit"":""mg""},{""name"":""デキストロメトルファン臭化水素酸塩水和物"",""id"":""D00848"",""amount"":48,""unit"":""mg""},{""name"":""ブロムヘキシン塩酸塩"",""id"":""D01778"",""amount"":12,""unit"":""mg""}]}","{""adult_dose"":""2錠×3回"",""daily_dose"":6,""prohibited_age"":""15才未満の小児""}","{""driving_warning"":""運転禁止"",""pregnancy_warning"":""妊婦または妊娠していると思われる人は服用前に相談"",""drug_category"":""かぜ薬（内用）"",""category_limit"":7,""packages"":[{""package_type"":""18錠"",""estimated_days"":3,""capacity_judgment"":""小容量""},{""package_type"":""30錠"",""estimated_days"":5,""capacity_judgment"":""小容量""}]}",パイロンPL錠 ゴールドは、サリチルアミドとアセトアミノフェン、プロメタジンメチレンジサリチル酸塩、無水カフェイン、デキストロメトルファン臭化水素酸塩水和物、ブロムヘキシン塩酸塩の6つの有効成分を配合した非ピリン系の総合かぜ薬です。せき、たん、のどの痛み、発熱、鼻みずなど、かぜの11症状に優れた効果を発揮します。,パイロンPL錠 ゴールド,〇,無→補完,,,
2026/07/02 0:37:13,8,15才未満の小児,授乳中の人、妊婦または妊娠していると思われる人は服用前に相談すること,-,"{""basis"":""8錠中"",""ingredients"":[{""name"":""サリチルアミド"",""id"":""D01811"",""amount"":1080,""unit"":""mg""},{""name"":""アセトアミノフェン"",""id"":""D00217"",""amount"":600,""unit"":""mg""},{""name"":""無水カフェイン"",""id"":""D00528"",""amount"":240,""unit"":""mg""},{""name"":""プロメタジンメチレンジサリチル酸塩"",""id"":""D03290"",""amount"":54,""unit"":""mg""}]}","{""adult_dose"":""2錠×4回"",""daily_dose"":8,""prohibited_age"":""15才未満の小児""}","{""driving_warning"":""運転禁止"",""pregnancy_warning"":""授乳中の人、妊婦または妊娠していると思われる人は服用前に相談すること"",""drug_category"":""かぜ薬"",""category_limit"":7,""packages"":[]}",パイロンPL錠Proは、解熱鎮痛成分であるサリチルアミドとアセトアミノフェン、抗ヒスタミン成分であるプロメタジンメチレンジサリチル酸塩、痛みをおさえるはたらきを助ける無水カフェインの4つの有効成分の作用により、「のどの痛み」「発熱」「鼻みず」などのかぜの諸症状にすぐれた効果を発揮する非ピリン系のかぜ薬です。,パイロンPL錠Pro,対象外,無,,,
2026/07/02 0:40:59,3,15才未満の小児,妊婦または妊娠していると思われる人は相談すること。授乳中は服用可能だが、念のため医師に相談すること。,-,"{""basis"":""3包中"",""ingredients"":[{""name"":""サリチルアミド"",""id"":""D01811"",""amount"":648,""unit"":""mg""},{""name"":""アセトアミノフェン"",""id"":""D00217"",""amount"":360,""unit"":""mg""},{""name"":""無水カフェイン"",""id"":""D00528"",""amount"":144,""unit"":""mg""},{""name"":""プロメタジンメチレンジサリチル酸塩"",""id"":""D03290"",""amount"":32.4,""unit"":""mg""}]}","{""adult_dose"":""1包×3回"",""daily_dose"":3,""prohibited_age"":""15才未満の小児""}","{""driving_warning"":""運転禁止"",""pregnancy_warning"":""妊婦または妊娠していると思われる人は相談すること。授乳中は服用可能だが、念のため医師に相談すること。"",""drug_category"":""かぜ薬"",""category_limit"":7,""packages"":[]}",パイロンPL顆粒は、解熱鎮痛成分サリチルアミドとアセトアミノフェン、抗ヒスタミン成分プロメタジンメチレンジサリチル酸塩、痛みをおさえるはたらきを助ける無水カフェインの4つの有効成分が作用し、「のどの痛み」「発熱」「鼻みず」などかぜの諸症状にすぐれた効果を発揮する非ピリン系かぜ薬です。,パイロンPL顆粒,対象外,無,,,
2026/07/02 0:55:39,4,15才未満の小児,授乳中の人、妊婦または妊娠していると思われる人は服用前に相談すること,-,"{""basis"":""4包(4g)中"",""ingredients"":[{""name"":""サリチルアミド"",""id"":""D01811"",""amount"":1080,""unit"":""mg""},{""name"":""アセトアミノフェン"",""id"":""D00217"",""amount"":600,""unit"":""mg""},{""name"":""無水カフェイン"",""id"":""D00528"",""amount"":240,""unit"":""mg""},{""name"":""プロメタジンメチレンジサリチル酸塩"",""id"":""D03290"",""amount"":54,""unit"":""mg""}]}","{""adult_dose"":""1包×4回"",""daily_dose"":4,""prohibited_age"":""15才未満の小児""}","{""driving_warning"":""運転禁止"",""pregnancy_warning"":""授乳中の人、妊婦または妊娠していると思われる人は服用前に相談すること"",""drug_category"":""かぜ薬"",""category_limit"":7,""packages"":[]}",パイロンPL顆粒Proは、解熱鎮痛成分であるサリチルアミドとアセトアミノフェン、抗ヒスタミン成分であるプロメタジンメチレンジサリチル酸塩、痛みをおさえるはたらきを助ける無水カフェインの4つの有効成分の作用により、「のどの痛み」「発熱」「鼻みず」などのかぜの諸症状にすぐれた効果を発揮する非ピリン系のかぜ薬です。,パイロンPL顆粒Pro,対象外,無,,,
2026/07/02 0:58:27,6,15歳未満の小児,出産予定日12週以内の妊婦は服用禁止。授乳中は服用しないか授乳を避けること。妊婦または妊娠していると思われる人は服用前に相談すること。,"メチルエフェドリン, ジヒドロコデイン","{""basis"":""6錠中"",""ingredients"":[{""name"":""イブプロフェン"",""id"":""D00126"",""amount"":450,""unit"":""mg""},{""name"":""クロルフェニラミンマレイン酸塩"",""id"":""D00665"",""amount"":7.5,""unit"":""mg""},{""name"":""dl-メチルエフェドリン塩酸塩"",""id"":""D02109"",""amount"":60,""unit"":""mg""},{""name"":""ジヒドロコデインリン酸塩"",""id"":""D01481"",""amount"":24,""unit"":""mg""},{""name"":""無水カフェイン"",""id"":""D00528"",""amount"":75,""unit"":""mg""},{""name"":""ヘスペリジン"",""id"":""D01038"",""amount"":90,""unit"":""mg""}]}","{""adult_dose"":""2錠×3回"",""daily_dose"":6,""prohibited_age"":""15歳未満の小児""}","{""driving_warning"":""運転禁止"",""pregnancy_warning"":""出産予定日12週以内の妊婦は服用禁止。授乳中は服用しないか授乳を避けること。妊婦または妊娠していると思われる人は服用前に相談すること。"",""drug_category"":""かぜ薬（内用）"",""category_limit"":7,""packages"":[{""package_type"":""18錠"",""estimated_days"":3,""capacity_judgment"":""小容量""},{""package_type"":""30錠"",""estimated_days"":5,""capacity_judgment"":""小容量""}]}",イブプロフェンの解熱鎮痛作用により、かぜによる発熱・悪寒・頭痛・のどの痛み・関節の痛みを緩和します。6種の成分がバランスよくはたらき、かぜの様々な症状を緩和。柑橘類などに含まれるビタミンPの一種であるヘスペリジンを配合。のみやすい小型の白色～帯黄白色のカプレットタイプの錠剤です。,ベンザブロックIP,〇,,,"ベンザブロック命名規則：カプレット=6T/日、円形錠(名称最後に”錠”)=9T/日、全シリーズで統一(「無印」「プレミアムDX」共通)
        「L・IP・S」/「L・IP・S」錠/「L・IP・S・T」プレミアムDX/「L・IP・S・T」プレミアムDX錠
　　        「YASUMO/せき止め液1回量のみ切りタイプ/せき止め錠/トローチ」も指定濫用該当(ﾄﾛｰﾁは対象､のどｽﾌﾟﾚｰは対象外)
",
2026/07/02 1:09:02,6,15歳未満の小児,出産予定日12週以内の妊婦は服用しないこと。授乳中の人は服用しないか、授乳を避けること。妊婦または妊娠していると思われる人は服用前に医師等に相談すること。,"メチルエフェドリン,ジヒドロコデイン","{""basis"":""6錠中"",""ingredients"":[{""name"":""イブプロフェン"",""id"":""D00126"",""amount"":360,""unit"":""mg""},{""name"":""アセトアミノフェン"",""id"":""D00217"",""amount"":180,""unit"":""mg""},{""name"":""d-クロルフェニラミンマレイン酸塩"",""id"":""D00668"",""amount"":3.5,""unit"":""mg""},{""name"":""dl-メチルエフェドリン塩酸塩"",""id"":""D02109"",""amount"":60,""unit"":""mg""},{""name"":""ジヒドロコデインリン酸塩"",""id"":""D01481"",""amount"":24,""unit"":""mg""},{""name"":""グリチルリチン酸"",""id"":""D00157"",""amount"":39,""unit"":""mg""},{""name"":""無水カフェイン"",""id"":""D00528"",""amount"":75,""unit"":""mg""},{""name"":""アスコルビン酸カルシウム"",""id"":""D02293"",""amount"":500,""unit"":""mg""},{""name"":""ヘスペリジン"",""id"":""D01038"",""amount"":90,""unit"":""mg""}]}","{""adult_dose"":""2錠×3回"",""daily_dose"":6,""prohibited_age"":""15歳未満の小児""}","{""driving_warning"":""運転禁止"",""pregnancy_warning"":""出産予定日12週以内の妊婦は服用しないこと。授乳中の人は服用しないか、授乳を避けること。妊婦または妊娠していると思われる人は服用前に医師等に相談すること。"",""drug_category"":""かぜ薬（内用）"",""category_limit"":7,""packages"":[{""package_type"":""12錠"",""estimated_days"":2,""capacity_judgment"":""小容量""},{""package_type"":""24錠"",""estimated_days"":4,""capacity_judgment"":""小容量""}]}",イブプロフェンとアセトアミノフェンの2種の解熱鎮痛成分が、発熱・悪寒、頭痛、のどの痛み、関節の痛みを緩和します。グリチルリチン酸がのどの炎症をおさえ、ビタミンCとヘスペリジンも配合。9種の成分でかぜの諸症状を総合的に緩和する薬です。,ベンザブロックIPプレミアム,〇,,,,
2026/07/02 1:14:59,9,15歳未満の小児,出産予定日12週以内の妊婦は服用しないこと。授乳中の人は本剤を服用しないか、服用する場合は授乳を避けること。妊婦または妊娠していると思われる人は服用前に医師等に相談すること。,"メチルエフェドリン, ジヒドロコデイン","{""basis"":""9錠中"",""ingredients"":[{""name"":""イブプロフェン"",""id"":""D00126"",""amount"":450,""unit"":""mg""},{""name"":""クロルフェニラミンマレイン酸塩"",""id"":""D00665"",""amount"":7.5,""unit"":""mg""},{""name"":""dl-メチルエフェドリン塩酸塩"",""id"":""D02109"",""amount"":60,""unit"":""mg""},{""name"":""ジヒドロコデインリン酸塩"",""id"":""D01481"",""amount"":24,""unit"":""mg""},{""name"":""無水カフェイン"",""id"":""D00528"",""amount"":75,""unit"":""mg""},{""name"":""ヘスペリジン"",""id"":""D01038"",""amount"":90,""unit"":""mg""}]}","{""adult_dose"":""3錠×3回"",""daily_dose"":9,""prohibited_age"":""15歳未満の小児""}","{""driving_warning"":""運転禁止"",""pregnancy_warning"":""出産予定日12週以内の妊婦は服用しないこと。授乳中の人は本剤を服用しないか、服用する場合は授乳を避けること。妊婦または妊娠していると思われる人は服用前に医師等に相談すること。"",""drug_category"":""かぜ薬"",""category_limit"":7,""packages"":[{""package_type"":""30錠"",""estimated_days"":3.3,""capacity_judgment"":""小容量""},{""package_type"":""45錠"",""estimated_days"":5,""capacity_judgment"":""小容量""}]}",イブプロフェンの解熱鎮痛作用でかぜによる発熱・さむけ・頭痛・のどの痛み・関節の痛みを緩和する。6種の成分がバランスよく働き、かぜの諸症状（発熱、悪寒、頭痛、のどの痛み、関節の痛み、鼻水、鼻づまり、筋肉の痛み、せき、たん、くしゃみ）を緩和。柑橘類などに含まれるヘスペリジンを配合した、のみやすい小型の白色～帯黄白色の円形錠剤。,ベンザブロックIP錠,〇,,,,
2026/07/02 1:16:45,6,15歳未満の小児,出産予定日12週以内の妊婦は服用しないこと。授乳中の人は服用しないか、服用する場合は授乳を避けること。妊婦または妊娠していると思われる人は服用前に相談すること。,"プソイドエフェドリン, ジヒドロコデイン","{""basis"":""6錠中"",""ingredients"":[{""name"":""イブプロフェン"",""id"":""D00126"",""amount"":450,""unit"":""mg""},{""name"":""塩酸プソイドエフェドリン"",""id"":""D00485"",""amount"":135,""unit"":""mg""},{""name"":""クロルフェニラミンマレイン酸塩"",""id"":""D00665"",""amount"":7.5,""unit"":""mg""},{""name"":""ジヒドロコデインリン酸塩"",""id"":""D01481"",""amount"":24,""unit"":""mg""},{""name"":""無水カフェイン"",""id"":""D00528"",""amount"":75,""unit"":""mg""}]}","{""adult_dose"":""2錠×3回"",""daily_dose"":6,""prohibited_age"":""15歳未満の小児""}","{""driving_warning"":""運転禁止"",""pregnancy_warning"":""出産予定日12週以内の妊婦は服用しないこと。授乳中の人は服用しないか、服用する場合は授乳を避けること。妊婦または妊娠していると思われる人は服用前に相談すること。"",""drug_category"":""かぜ薬（内用）"",""category_limit"":7,""packages"":[{""package_type"":""18錠"",""estimated_days"":3,""capacity_judgment"":""小容量""},{""package_type"":""30錠"",""estimated_days"":5,""capacity_judgment"":""小容量""}]}",かぜの諸症状（のどの痛み，せき，発熱，鼻づまり，鼻水，くしゃみ，悪寒，頭痛，関節の痛み，筋肉の痛み）の緩和。イブプロフェンの解熱鎮痛作用でのどの痛み・発熱などを緩和し、ジヒドロコデインリン酸塩がせき中枢に、塩酸プソイドエフェドリンが鼻粘膜の充血に働き、鼻づまりを緩和。5種の成分がバランスよくはたらき、のみやすい小型の白いカプレットタイプの錠剤。,ベンザブロックL,〇,,,,
2026/07/02 1:29:23,6,15歳未満の小児,出産予定日12週以内の妊婦は服用不可。妊婦または妊娠していると思われる人、授乳中の人は服用前に相談すること。,"デキストロメトルファン, プソイドエフェドリン","{""basis"":""6錠中"",""ingredients"":[{""name"":""イブプロフェン"",""id"":""D00126"",""amount"":600,""unit"":""mg""},{""name"":""トラネキサム酸"",""id"":""D01136"",""amount"":750,""unit"":""mg""},{""name"":""デキストロメトルファン臭化水素酸塩水和物"",""id"":""D00848"",""amount"":48,""unit"":""mg""},{""name"":""ブロムヘキシン塩酸塩"",""id"":""D01778"",""amount"":12,""unit"":""mg""},{""name"":""グアイフェネシン"",""id"":""D00337"",""amount"":250,""unit"":""mg""},{""name"":""プソイドエフェドリン塩酸塩"",""id"":""D00485"",""amount"":135,""unit"":""mg""},{""name"":""d-クロルフェニラミンマレイン酸塩"",""id"":""D00668"",""amount"":3.5,""unit"":""mg""},{""name"":""無水カフェイン"",""id"":""D00528"",""amount"":75,""unit"":""mg""}]}","{""adult_dose"":""2錠×3回"",""daily_dose"":6,""prohibited_age"":""15歳未満の小児""}","{""driving_warning"":""運転禁止"",""pregnancy_warning"":""出産予定日12週以内の妊婦は服用不可。妊婦または妊娠していると思われる人、授乳中の人は服用前に相談すること。"",""drug_category"":""かぜ薬"",""category_limit"":7,""packages"":[{""package_type"":""12錠"",""estimated_days"":2,""capacity_judgment"":""小容量""},{""package_type"":""24錠"",""estimated_days"":4,""capacity_judgment"":""小容量""}]}",本製品はイブプロフェン600mg（1日量）を配合し、のどの痛みや発熱を抑えます。トラネキサム酸が粘膜の炎症を鎮め、デキストロメトルファンがせき中枢に作用してせきをしずめます。8種の成分配合で、かぜの諸症状を総合的に緩和する、のみやすい小型の白色～帯黄白色のカプレットタイプ錠剤です。,ベンザブロックLプレミアムDX,〇,,,,
2026/07/02 1:30:56,6,15歳未満,妊婦または妊娠していると思われる人、授乳中の人は服用前に医師、薬剤師または登録販売者に相談すること。,"デキストロメトルファン, プソイドエフェドリン","{""basis"":""6錠中"",""ingredients"":[{""name"":""アセトアミノフェン"",""id"":""D00217"",""amount"":900,""unit"":""mg""},{""name"":""d-クロルフェニラミンマレイン酸塩"",""id"":""D00668"",""amount"":3.5,""unit"":""mg""},{""name"":""プソイドエフェドリン塩酸塩"",""id"":""D00485"",""amount"":135,""unit"":""mg""},{""name"":""ベラドンナ総アルカロイド"",""id"":null,""amount"":0.3,""unit"":""mg""},{""name"":""デキストロメトルファン臭化水素酸塩水和物"",""id"":""D00848"",""amount"":48,""unit"":""mg""},{""name"":""ブロムヘキシン塩酸塩"",""id"":""D01778"",""amount"":12,""unit"":""mg""},{""name"":""トラネキサム酸"",""id"":""D01136"",""amount"":420,""unit"":""mg""},{""name"":""無水カフェイン"",""id"":""D00528"",""amount"":75,""unit"":""mg""},{""name"":""リボフラビン"",""id"":""D00050"",""amount"":12,""unit"":""mg""}]}","{""adult_dose"":""2錠×3回"",""daily_dose"":6,""prohibited_age"":""15歳未満""}","{""driving_warning"":""運転禁止"",""pregnancy_warning"":""妊婦または妊娠していると思われる人、授乳中の人は服用前に医師、薬剤師または登録販売者に相談すること。"",""drug_category"":""かぜ薬"",""category_limit"":7,""packages"":[{""package_type"":""12錠"",""estimated_days"":2,""capacity_judgment"":""小容量""},{""package_type"":""24錠"",""estimated_days"":4,""capacity_judgment"":""小容量""}]}",かぜの諸症状（鼻水、鼻づまり、のどの痛み、くしゃみ、せき、たん、発熱、頭痛、関節・筋肉の痛み）を緩和する総合感冒薬。d-クロルフェニラミンマレイン酸塩、プソイドエフェドリン塩酸塩、ベラドンナ総アルカロイドなど9種の成分を配合し、特に鼻水・鼻づまり・くしゃみに効果を発揮します。のみやすい小型の淡黄色のカプレット錠です。,ベンザブロックSプレミアムDX,〇,,,,
2026/07/02 1:32:36,6,15才未満,妊婦または妊娠していると思われる人は服用前に医師、薬剤師または登録販売者に相談すること,デキストロメトルファン,"{""basis"":""6錠中"",""ingredients"":[{""name"":""デキストロメトルファン臭化水素酸塩水和物"",""id"":""D00848"",""amount"":90,""unit"":""mg""}]}","{""adult_dose"":""2錠×3回"",""daily_dose"":6,""prohibited_age"":""15才未満""}","{""driving_warning"":""運転禁止"",""pregnancy_warning"":""妊婦または妊娠していると思われる人は服用前に医師、薬剤師または登録販売者に相談すること"",""drug_category"":""鎮咳去痰薬"",""category_limit"":5,""packages"":[{""package_type"":""20錠"",""estimated_days"":3.3,""capacity_judgment"":""小容量""},{""package_type"":""40錠"",""estimated_days"":6.7,""capacity_judgment"":""大容量""}]}",メジコンせき止め錠Proは、せき中枢に直接作用し、つらいせきの症状にすぐれた効果を発揮する非麻薬性のせき止め薬です。,メジコンせき止め錠Pro,〇,無→補完,〇,(参考)メジコン「こどもせき止めシロップPro」は要指導リスト入り。「せき止め錠Pro」は、3年経過し第2類医薬品に移行済｡(指定濫用は対象),
2026/07/02 1:34:58,6,15歳未満の小児,出産予定日12週以内の妊婦は服用不可。授乳中の人は服用を避ける。妊婦または妊娠していると思われる人は服用前に医師または薬剤師に相談すること。,"ジヒドロコデイン, メチルエフェドリン","{""basis"":""6錠中"",""ingredients"":[{""name"":""ロキソプロフェンナトリウム水和物"",""id"":""D01709"",""amount"":204.3,""unit"":""mg""},{""name"":""ジヒドロコデインリン酸塩"",""id"":""D01481"",""amount"":24,""unit"":""mg""},{""name"":""dl-メチルエフェドリン塩酸塩"",""id"":""D02109"",""amount"":60,""unit"":""mg""},{""name"":""ブロムヘキシン塩酸塩"",""id"":""D01778"",""amount"":12,""unit"":""mg""},{""name"":""クレマスチンフマル酸塩"",""id"":""D00666"",""amount"":1.34,""unit"":""mg""}]}","{""adult_dose"":""2錠×3回"",""daily_dose"":6,""prohibited_age"":""15歳未満の小児""}","{""driving_warning"":""運転禁止"",""pregnancy_warning"":""出産予定日12週以内の妊婦は服用不可。授乳中の人は服用を避ける。妊婦または妊娠していると思われる人は服用前に医師または薬剤師に相談すること。"",""drug_category"":""かぜ薬"",""category_limit"":7,""packages"":[{""package_type"":""12錠"",""estimated_days"":2,""capacity_judgment"":""小容量""},{""package_type"":""24錠"",""estimated_days"":4,""capacity_judgment"":""小容量""}]}",かぜの諸症状（鼻水，鼻づまり，くしゃみ，のどの痛み，せき，たん，悪寒，発熱，頭痛，関節の痛み，筋肉の痛み）の緩和,ロキソニン総合かぜ薬,〇,,,,
2026/07/02 1:38:23,3,15才未満の小児,出産予定日12週以内の妊婦は服用禁止。妊婦又は妊娠していると思われる人、授乳中の人は要相談。,-,"{""basis"":""1錠中"",""ingredients"":[{""name"":""ロキソプロフェンナトリウム水和物"",""id"":""D01709"",""amount"":68.1,""unit"":""mg""}]}","{""adult_dose"":""1錠×3回"",""daily_dose"":3,""prohibited_age"":""15才未満の小児""}","{""driving_warning"":""眠気注意"",""pregnancy_warning"":""出産予定日12週以内の妊婦は服用禁止。妊婦又は妊娠していると思われる人、授乳中の人は要相談。"",""drug_category"":""解熱鎮痛薬"",""category_limit"":7,""packages"":[{""package_type"":""12錠"",""estimated_days"":4,""capacity_judgment"":""小容量""}]}",頭痛、歯痛、生理痛をはじめ、抜歯後の疼痛、咽喉痛、耳痛、関節痛、神経痛、腰痛、筋肉痛、肩こり痛、打撲痛、骨折痛、捻挫痛、外傷痛などの鎮痛に効果を発揮します。また、悪寒・発熱時の解熱にも使用できる一般用医薬品です。,ロキソプロフェン錠「LS」,対象外,,,,
2026/07/02 1:40:50,3,15歳未満の小児,出産予定日12週以内の妊婦は服用せず、妊婦または妊娠していると思われる人、授乳中の人は服用前に医師等に相談すること。,-,"{""basis"":""1錠中"",""ingredients"":[{""name"":""ロキソプロフェンナトリウム水和物"",""id"":""D01709"",""amount"":68.1,""unit"":""mg""}]}","{""adult_dose"":""1錠×2回（最大3回）"",""daily_dose"":3,""prohibited_age"":""15歳未満の小児""}","{""driving_warning"":"""",""pregnancy_warning"":""出産予定日12週以内の妊婦は服用せず、妊婦または妊娠していると思われる人、授乳中の人は服用前に医師等に相談すること。"",""drug_category"":""解熱鎮痛薬"",""category_limit"":7,""packages"":[{""package_type"":""12錠"",""estimated_days"":4,""capacity_judgment"":""小容量""}]}",ロキソプロフェン錠「クニヒロ」は、痛みや熱の原因となるプロスタグランジンの生成を抑えるロキソプロフェンナトリウム水和物を成分とした錠剤です。頭痛や生理痛、発熱時の解熱など様々な痛みや熱に効果を発揮します。,ロキソプロフェン錠「クニヒロ」,対象外,,,,
2026/07/02 1:47:13,2,15才未満の小児,授乳中の服用は避ける。妊婦は医師に相談。,-,"{""basis"":""2錠中"",""ingredients"":[{""name"":""フェキソフェナジン塩酸塩"",""id"":""D00671"",""amount"":120,""unit"":""mg""}]}","{""adult_dose"":""1錠×2回"",""daily_dose"":2,""prohibited_age"":""15才未満の小児""}","{""driving_warning"":""眠気注意"",""pregnancy_warning"":""授乳中の服用は避ける。妊婦は医師に相談。"",""drug_category"":""鼻炎用内服薬"",""category_limit"":7,""packages"":[{""package_type"":""14錠"",""estimated_days"":7,""capacity_judgment"":""小容量""},{""package_type"":""28錠"",""estimated_days"":14,""capacity_judgment"":""大容量""},{""package_type"":""56錠"",""estimated_days"":28,""capacity_judgment"":""大容量""}]}",第2世代抗ヒスタミン成分フェキソフェナジン塩酸塩を配合したアレルギー専用鼻炎薬。花粉やハウスダストによるくしゃみ、鼻水、鼻づまりなどのアレルギー症状に優れた効果を発揮します。脳に影響を与えにくく眠くなりにくいのが特長で、集中力や判断力の低下も起こしにくいです。1日2回朝夕服用で1日中効果が持続し、空腹時でも服用できます。花粉飛散予測日からの早めの服用が効果的です。,アレグラFX,＊対象外,,,"アレグラFX：Fexofenadineの頭文字「F」、（効き目Effectや、素早くFast届くという意味も）｡「X」は、「未知数、究極、進化」
        アレグラの授乳の件は典型例で、処方薬の添付文書には「治療上の有益性が危険性を上回ると判断される場合にのみ」という定型文が入っていますが、実臨床ではL1（最も安全）に分類されていてほぼ無条件で使える薬。ただし、OTCにおいては「添付文書の文言に忠実」であることが、単なる保守的姿勢ではなく、説明責任の観点から合理的な選択
        「アレグラFXプレミアム」：2025年秋発売、血管収縮剤のプソイドエフェドリン塩酸塩が追加配合(指定濫用対象)｡医療用のディレグラ配合錠と同様､ 閉塞隅角緑内障であれば禁忌",
2026/07/02 17:22:21,3,15歳未満の小児,出産予定日12週以内の妊婦は服用不可。妊婦又は妊娠していると思われる人、授乳中の人は服用前に医師等に相談すること。,-,"{""basis"":""1錠中"",""ingredients"":[{""name"":""イブプロフェン"",""id"":""D00126"",""amount"":150,""unit"":""mg""},{""name"":""ブチルスコポラミン臭化物"",""id"":""D01451"",""amount"":10,""unit"":""mg""}]}","{""adult_dose"":""1錠×3回"",""daily_dose"":3,""prohibited_age"":""15歳未満の小児""}","{""driving_warning"":""運転禁止（服用後5〜6時間は乗物・機械類の運転操作不可／抗コリン作用による目のかすみ・異常なまぶしさのため）"",""pregnancy_warning"":""出産予定日12週以内の妊婦は服用不可。妊婦又は妊娠していると思われる人、授乳中の人は服用前に医師等に相談すること。"",""drug_category"":""解熱鎮痛薬"",""category_limit"":7,""packages"":[{""package_type"":""12錠"",""estimated_days"":4,""capacity_judgment"":""小容量""}]}",エルペインコーワは生理特有の痛みに効く生理痛専用薬です。「ズキズキする痛み」に効くイブプロフェンと「ぎゅ～っとねじれるような痛み」に効くブチルスコポラミン臭化物を配合し、生理特有の痛みに速く、よく効きます。眠くなる成分を含まず、1回1錠、小粒でのみやすい。お腹のゆるさを伴う生理痛にも適しています。,エルペインコーワ,対象外,,,,
2026/07/02 17:31:23,12,5歳未満,妊婦または妊娠していると思われる人は服用前に医師、薬剤師または登録販売者に相談すること,-,"{""basis"":""12錠中"",""ingredients"":[{""name"":""葛根湯エキス(1／2量)"",""id"":""D06698"",""amount"":2.2,""unit"":""g""},{""name"":""カッコン"",""id"":""D06693"",""amount"":4,""unit"":""g""},{""name"":""マオウ"",""id"":""D06791"",""amount"":2,""unit"":""g""},{""name"":""タイソウ"",""id"":""D06758"",""amount"":2,""unit"":""g""},{""name"":""ケイヒ"",""id"":""D06712"",""amount"":1.5,""unit"":""g""},{""name"":""シャクヤク"",""id"":""D06739"",""amount"":1.5,""unit"":""g""},{""name"":""カンゾウ"",""id"":""D04365"",""amount"":1,""unit"":""g""},{""name"":""ショウキョウ"",""id"":""D06744"",""amount"":0.5,""unit"":""g""}]}","{""adult_dose"":""4錠×3回"",""daily_dose"":12,""prohibited_age"":""5歳未満""}","{""driving_warning"":"""",""pregnancy_warning"":""妊婦または妊娠していると思われる人は服用前に医師、薬剤師または登録販売者に相談すること"",""drug_category"":""かぜ薬"",""category_limit"":7,""packages"":[{""package_type"":""60錠"",""estimated_days"":5,""capacity_judgment"":""小容量""},{""package_type"":""150錠"",""estimated_days"":12.5,""capacity_judgment"":""大容量""}]}",本剤は、かぜや肩こりなどに用いられる漢方薬です。食欲はあるが寒気があり、熱が出ても汗が出ない、頭痛があり肩や首筋がこったり、ふしぶしが痛いといったかぜに効果的です。かぜに関係なく肩こりや筋肉痛にも用いられます。,葛根湯エキス錠S「コタロー」,△,,,"葛根湯エキス錠S「コタロー」
        薬効分類が「漢方製剤」「生薬製剤」に該当する場合は、マオウ成分を含んでいても「対象外（漢方製剤）」
        葛根湯の承認書上の有効成分は「葛根湯エキス（マオウ、カッコン、タイソウ等の抽出エキス）」または「生薬粉末」であり、単一の化学成分である「エフェドリン」を有効成分とする製剤とは法規上みなされないため、「法規制の対象」とはされません。
        葛根湯(4)以外にも､小青竜湯(3)/防風通聖散(1.2､長期想定)/麻黄湯(5)/五虎湯･麻杏甘石湯(4)/麻黄附子細辛湯(4)も同様(ﾏｵｳg/日)",
2026/07/02 17:57:40,3,15才未満の小児,授乳中の服用は避けること。妊婦は服用前に医師、薬剤師又は登録販売者に相談すること。,-,"{""basis"":""1錠中"",""ingredients"":[{""name"":""ビサコジル"",""id"":""D00245"",""amount"":5,""unit"":""mg""},{""name"":""センノシド"",""id"":""D02171"",""amount"":20,""unit"":""mg""}]}","{""adult_dose"":""3錠×1回"",""daily_dose"":3,""prohibited_age"":""15才未満の小児""}","{""driving_warning"":"""",""pregnancy_warning"":""授乳中の服用は避けること。妊婦は服用前に医師、薬剤師又は登録販売者に相談すること。"",""drug_category"":""瀉下薬（下剤）"",""category_limit"":5,""packages"":[{""package_type"":""48錠"",""estimated_days"":16,""capacity_judgment"":""大容量""},{""package_type"":""144錠"",""estimated_days"":48,""capacity_judgment"":""大容量""},{""package_type"":""240錠"",""estimated_days"":80,""capacity_judgment"":""大容量""}]}",カイベールCは、ビサコジルとセンノサイドの2つの有効成分を承認基準内最大量配合した便秘薬です。つらい便秘とそれに伴う肌あれ、吹出物、頭重、のぼせ、食欲不振、腹部膨満、腸内異常醗酵、痔といった不快症状に優れた効果を発揮します。1回1～3錠で服用量を調節でき、初回は1錠からお試しいただけます。,カイベールC,対象外,,,,
2026/07/02 18:00:14,3,15歳未満,妊婦又は妊娠していると思われる人は服用前に医師、歯科医師、薬剤師又は登録販売者に相談すること。,-,"{""basis"":""1錠中"",""ingredients"":[{""name"":""アセトアミノフェン"",""id"":""D00217"",""amount"":300,""unit"":""mg""}]}","{""adult_dose"":""1錠×3回"",""daily_dose"":3,""prohibited_age"":""15歳未満""}","{""driving_warning"":"""",""pregnancy_warning"":""妊婦又は妊娠していると思われる人は服用前に医師、歯科医師、薬剤師又は登録販売者に相談すること。"",""drug_category"":""解熱鎮痛薬"",""category_limit"":7,""packages"":[{""package_type"":""12錠"",""estimated_days"":4,""capacity_judgment"":""小容量""},{""package_type"":""24錠"",""estimated_days"":8,""capacity_judgment"":""大容量""},{""package_type"":""36錠"",""estimated_days"":12,""capacity_judgment"":""大容量""}]}",解熱鎮痛成分「アセトアミノフェン」が中枢神経に速やかに作用し、すぐれた鎮痛・解熱効果を発揮します。胃への負担が少なく、眠くなる成分（鎮静催眠成分）を含みません。頭痛、月経痛、歯痛、発熱など幅広い症状に1回1錠でよく効く、速効性とやさしさを兼ね備えた解熱鎮痛薬です。,カロナールA,対象外,,,,
2026/07/02 18:05:38,2,15歳未満の小児、80歳以上の高齢者,妊婦又は妊娠していると思われる人は服用しないこと。授乳中の人は本剤を服用しないか、本剤を服用する場合は授乳を避けること。,-,"{""basis"":""1錠中"",""ingredients"":[{""name"":""ファモチジン"",""id"":""D00318"",""amount"":10,""unit"":""mg""}]}","{""adult_dose"":""1回1錠、1日2回まで"",""daily_dose"":2,""prohibited_age"":""15歳未満の小児、80歳以上の高齢者""}","{""driving_warning"":"""",""pregnancy_warning"":""妊婦又は妊娠していると思われる人は服用しないこと。授乳中の人は本剤を服用しないか、本剤を服用する場合は授乳を避けること。"",""drug_category"":""ヒスタミンH2受容体拮抗剤含有薬"",""category_limit"":5,""packages"":[{""package_type"":""6錠"",""estimated_days"":3,""capacity_judgment"":""小容量""},{""package_type"":""12錠"",""estimated_days"":6,""capacity_judgment"":""大容量""}]}",本剤は、胃痛、もたれ、胸やけ、むかつきに優れた効果を発揮するH2ブロッカー胃腸薬です。従来の胃酸中和型の胃腸薬とは異なるタイプで、胃の不快な症状の原因となる胃酸の出過ぎをコントロールし、胃粘膜の修復を促します。1回1錠の服用で約8時間にわたって胃酸の分泌をコントロールすることができ、携帯に便利なPTP包装となっています。,ガスター10,対象外,,,授乳と薬の専門的な観点（催奇性や乳児への影響）からみると、ファモチジンは授乳中でも比較的安全に使用できる「L1」と考えられています。一方で、市販薬としてのガスター10の添付文書上では「授乳中の人は本剤を服用しないか、服用する場合は授乳を避けて下さい」という注意書きがなされています,
2026/07/02 18:11:42,2,15歳未満の小児、80歳以上の高齢者,妊婦又は妊娠していると思われる人は服用しないこと。授乳中の人は服用しないか、服用する場合は授乳を避けること。,-,"{""basis"":""1錠中"",""ingredients"":[{""name"":""ファモチジン"",""id"":""D00318"",""amount"":10,""unit"":""mg""}]}","{""adult_dose"":""1回1錠、1日2回まで"",""daily_dose"":2,""prohibited_age"":""15歳未満の小児、80歳以上の高齢者""}","{""driving_warning"":"""",""pregnancy_warning"":""妊婦又は妊娠していると思われる人は服用しないこと。授乳中の人は服用しないか、服用する場合は授乳を避けること。"",""drug_category"":""ヒスタミンH2受容体拮抗剤含有薬"",""category_limit"":5,""packages"":[{""package_type"":""6錠"",""estimated_days"":3,""capacity_judgment"":""小容量""},{""package_type"":""12錠"",""estimated_days"":6,""capacity_judgment"":""大容量""}]}",本剤は胃酸中和型の胃腸薬とは異なるタイプの胃腸薬で、胃痛、もたれ、胸やけ、むかつきに優れた効果を発揮します。胃の不快な症状の原因となる胃酸の出過ぎをコントロールし、胃粘膜の修復を促します。携帯に便利なPTP包装を採用しており、口の中の水分を含むと速やかに溶け、水なしでも服用できる速溶錠タイプです。,ガスター10 S錠,対象外,,,ガスター10の市販薬で水なしで飲めるタイプは「S錠」。「S」は「スピードSpeedや、スムーズSmoothを意味。,
2026/07/02 18:16:19,1,15才未満の小児,授乳中の人は本剤を服用しないか、本剤を服用する場合は授乳を避けること。妊婦又は妊娠していると思われる人は服用前に医師、薬剤師又は登録販売者に相談すること。,-,"{""basis"":""1錠中"",""ingredients"":[{""name"":""ロラタジン"",""id"":""D00364"",""amount"":10,""unit"":""mg""}]}","{""adult_dose"":""1回1錠、1日1回"",""daily_dose"":1,""prohibited_age"":""15才未満の小児""}","{""driving_warning"":""眠気注意"",""pregnancy_warning"":""授乳中の人は本剤を服用しないか、本剤を服用する場合は授乳を避けること。妊婦又は妊娠していると思われる人は服用前に医師、薬剤師又は登録販売者に相談すること。"",""drug_category"":""鼻炎用内服薬"",""category_limit"":7,""packages"":[{""package_type"":""7錠"",""estimated_days"":7,""capacity_judgment"":""小容量""},{""package_type"":""14錠"",""estimated_days"":14,""capacity_judgment"":""大容量""},{""package_type"":""28錠"",""estimated_days"":28,""capacity_judgment"":""大容量""},{""package_type"":""56錠"",""estimated_days"":56,""capacity_judgment"":""大容量""}]}",クラリチンEXは、第2世代抗ヒスタミン成分ロラタジンを含有するアレルギー専用鼻炎薬です。花粉やハウスダストなどによる鼻水、鼻づまり、くしゃみといった鼻のアレルギー症状を緩和します。眠くなりにくく、「集中力、判断力、作業効率の低下」を起こしにくいのが特徴で、1日1回1錠の服用で効き目が長く続きます。,クラリチンEX,対象外,,,"クラリチンEX：Extension拡張や、Extra（特別、厳選された）の頭文字に由来。「医療用（処方薬）からスイッチ（転用）された経緯の区別の意図。
        病院のクラリチンは「アレルギー性鼻炎」だけでなく「蕁麻疹」や「皮膚のかゆみ」にも適応があります。一方、市販のクラリチンEXは【鼻のアレルギー症状（鼻水、鼻づまり、くしゃみ）の緩和】に限定されています。対象年齢も、病院のクラリチンは小児（3歳〜）にも処方されますが、クラリチンEXは【15歳未満は服用できません】。
        現状､市販薬では「皮膚の適応」が外されている。（受診遅延の防止､慢性掻痒には第2世代抗ヒスタミン薬単剤による効果に疑問符）",
2026/07/02 18:24:10,6,15歳未満の小児,妊婦又は妊娠していると思われる人は服用しないこと,-,"{""basis"":""2錠中"",""ingredients"":[{""name"":""オキセサゼイン"",""id"":""D01152"",""amount"":5,""unit"":""mg""}]}","{""adult_dose"":""2錠：1日3回まで"",""daily_dose"":6,""prohibited_age"":""15歳未満の小児""}","{""driving_warning"":""眠気注意"",""pregnancy_warning"":""妊婦又は妊娠していると思われる人は服用しないこと"",""drug_category"":""胃腸鎮痛鎮けい薬"",""category_limit"":5,""packages"":[{""package_type"":""6錠"",""estimated_days"":1,""capacity_judgment"":""小容量""},{""package_type"":""12錠"",""estimated_days"":2,""capacity_judgment"":""小容量""}]}",サクロンQは、胃酸やアルコールなどが胃粘膜を刺激して起きる「さしこみ、胃痛、はきけ」に速く効く胃ぐすりです。有効成分のオキセサゼインが胃粘膜に直接作用し、胃痛、腹痛、吐き気（むかつき、二日酔い・悪酔いのむかつき）、嘔吐、さしこみ、胸やけ、胃酸過多、胃部不快感、げっぷなどのつらい症状を速やかに改善します。,サクロンQ,対象外,,,処方箋薬名では「ストロカイン」,
2026/07/02 18:27:33,0,,,-,"{""basis"":""100枚中"",""ingredients"":[{""name"":""グルコースオキシダーゼ"",""id"":""D10011"",""amount"":371.4,""unit"":""I.U.""},{""name"":""ペルオキシダーゼ"",""id"":""C05785"",""amount"":47.6,""unit"":""I.U.""},{""name"":""o-トリジン"",""id"":""C14443"",""amount"":33.4,""unit"":""mg""},{""name"":""テトラブロムフェノールブルー"",""id"":"""",""amount"":0.72,""unit"":""mg""}]}","{""adult_dose"":""検査薬を尿に約1秒間浸す、又は直接尿を約1秒間かける"",""daily_dose"":0,""prohibited_age"":""""}","{""driving_warning"":"""",""pregnancy_warning"":"""",""drug_category"":""一般用検査薬（尿糖・尿タンパク用）"",""category_limit"":5,""packages"":[{""package_type"":""15枚"",""estimated_days"":null,""capacity_judgment"":""小容量""},{""package_type"":""60枚"",""estimated_days"":null,""capacity_judgment"":""小容量""}]}",身体の健康状態や体内の機能に変化や異常があると、尿中に含まれる成分も変化します。新ウリエースBTは尿中の糖（ブドウ糖）及びたん白（アルブミン）を検出する検査薬ですので、定期的に使用することで、体内の変化や異常をチェックし、健康管理や早期受診にお役立ていただけます。なお、本検査は尿中の糖及びたん白を検出するものであり、病気の診断を行うものではありません。,新ウリエースBT,一般用検査薬,,,,
2026/07/02 18:29:40,1,15歳未満の小児,妊婦又は妊娠していると思われる人は相談すること。授乳中の人は本剤を服用しないか、本剤を服用する場合は授乳を避けること。,-,"{""basis"":""1錠中"",""ingredients"":[{""name"":""セチリジン塩酸塩"",""id"":""D00664"",""amount"":10,""unit"":""mg""}]}","{""adult_dose"":""1回1錠、1日1回（就寝前）"",""daily_dose"":1,""prohibited_age"":""15歳未満の小児""}","{""driving_warning"":""運転禁止"",""pregnancy_warning"":""妊婦又は妊娠していると思われる人は相談すること。授乳中の人は本剤を服用しないか、本剤を服用する場合は授乳を避けること。"",""drug_category"":""鼻炎用内服薬"",""category_limit"":7,""packages"":[{""package_type"":""16錠"",""estimated_days"":16,""capacity_judgment"":""大容量""},{""package_type"":""32錠"",""estimated_days"":32,""capacity_judgment"":""大容量""}]}",本剤はアレルギー専用鼻炎薬で、花粉やハウスダストなどによるくしゃみ、鼻水、鼻づまりといった鼻のアレルギー症状を緩和します。優れた効果を持つ第2世代抗アレルギー成分を配合しており、寝る前に1日1回1錠を服用するだけでしっかり効きます。直径約7ミリの小さな錠剤で飲みやすいのも特徴です。,新コンタック鼻炎Z,＊対象外,,,"新コンタック鼻炎Z：コンタックブランドの中で唯一､指定濫用成分含まない｡
        セチリジン（第2世代）が寝る前1回持続。ただし、セチリジン塩酸塩は「妊婦又は妊娠している可能性のある婦人（禁忌）」と添付に明記
        　その他「600プラス/総合かぜ薬/かぜ総合DX/かぜ総合/せき止めダブル/総合感冒薬EX」等、総じて指定濫用成分含む",
2026/07/02 18:36:31,3,15歳未満の小児,妊婦又は妊娠していると思われる人は服用前に医師、薬剤師又は登録販売者に相談してください。,-,"{""basis"":""3包(3g)中"",""ingredients"":[{""name"":""テプレノン"",""id"":""D01827"",""amount"":112.5,""unit"":""mg""},{""name"":""ソウジュツ乾燥エキス"",""id"":""D06752"",""amount"":150,""unit"":""mg""},{""name"":""蒼朮"",""id"":""D06752"",""amount"":1.5,""unit"":""g""},{""name"":""コウボク乾燥エキス"",""id"":""D06720"",""amount"":83.4,""unit"":""mg""},{""name"":""厚朴"",""id"":""D06720"",""amount"":1,""unit"":""g""}]}","{""adult_dose"":""1回1包、1日3回"",""daily_dose"":3,""prohibited_age"":""15歳未満の小児""}","{""driving_warning"":"""",""pregnancy_warning"":""妊婦又は妊娠していると思われる人は服用前に医師、薬剤師又は登録販売者に相談してください。"",""drug_category"":""健胃薬"",""category_limit"":5,""packages"":[{""package_type"":""12包"",""estimated_days"":4,""capacity_judgment"":""小容量""},{""package_type"":""27包"",""estimated_days"":9,""capacity_judgment"":""大容量""}]}",普段から胃の弱りを感じる方におすすめの胃腸薬です。「胃もたれ」「胸やけ」などの症状を漫然と繰り返す方や、少し胃に負担がかかるだけで不快な症状を感じる方に適しています。胃酸などの刺激から胃の粘膜を守る「胃粘液」を増やし、さらに胃の運動を活発にして弱った胃の状態を整えます。サッと溶けて飲みやすい細粒剤です。,セルベール,対象外,,,粉薬タイプの「セルベール（細粒）」には「整胃錠」のように「整胃」という言葉が製品名に直接入っていません。製造元が理由ではなく、単に「錠剤（錠）」か「粉薬（細粒）」かの名称の区別によるもの,
2026/07/02 18:44:04,3,15歳未満の小児,妊婦又は妊娠していると思われる人は、服用前に医師、薬剤師又は登録販売者に相談してください。,-,"{""basis"":""3錠中"",""ingredients"":[{""name"":""テプレノン"",""id"":""D01827"",""amount"":112.5,""unit"":""mg""},{""name"":""ソウジュツ乾燥エキス"",""id"":""D06752"",""amount"":150,""unit"":""mg""},{""name"":""蒼朮"",""id"":""D06752"",""amount"":1.5,""unit"":""g""},{""name"":""コウボク乾燥エキス"",""id"":""D06720"",""amount"":83.4,""unit"":""mg""},{""name"":""厚朴"",""id"":""D06720"",""amount"":1,""unit"":""g""}]}","{""adult_dose"":""1回1錠、1日3回"",""daily_dose"":3,""prohibited_age"":""15歳未満の小児""}","{""driving_warning"":"""",""pregnancy_warning"":""妊婦又は妊娠していると思われる人は、服用前に医師、薬剤師又は登録販売者に相談してください。"",""drug_category"":""健胃薬"",""category_limit"":5,""packages"":[{""package_type"":""12錠"",""estimated_days"":4,""capacity_judgment"":""小容量""},{""package_type"":""21錠"",""estimated_days"":7,""capacity_judgment"":""大容量""},{""package_type"":""45錠"",""estimated_days"":15,""capacity_judgment"":""大容量""}]}",胃もたれ、胸やけ、食べ過ぎなどに効果を現す胃腸薬です。普段から胃の弱りを感じる方や、少しの胃への負担で不快な症状を繰り返す方におすすめです。胃酸などの刺激から胃の粘膜を守る「胃粘液」を増やし、さらに胃の運動を活発にして弱った胃の状態を整えます。1回1錠で効く飲みやすい錠剤タイプで、弱った胃を元気にしていきます。,セルベール整胃錠,対象外,,,,
2026/07/02 18:45:40,3,15歳未満の小児,妊婦又は妊娠していると思われる人は、服用前に医師、薬剤師又は登録販売者に相談してください。,-,"{""basis"":""3錠中"",""ingredients"":[{""name"":""テプレノン"",""id"":""D01827"",""amount"":150,""unit"":""mg""},{""name"":""ソウジュツ乾燥エキス"",""id"":""D06752"",""amount"":150,""unit"":""mg""},{""name"":""蒼朮"",""id"":""D06752"",""amount"":1.5,""unit"":""g""},{""name"":""コウボク乾燥エキス"",""id"":""D06720"",""amount"":83.4,""unit"":""mg""},{""name"":""厚朴"",""id"":""D06720"",""amount"":1,""unit"":""g""},{""name"":""リパーゼAP6"",""id"":"""",""amount"":14.7,""unit"":""mg""}]}","{""adult_dose"":""1錠×3回"",""daily_dose"":3,""prohibited_age"":""15歳未満の小児""}","{""driving_warning"":"""",""pregnancy_warning"":""妊婦又は妊娠していると思われる人は、服用前に医師、薬剤師又は登録販売者に相談してください。"",""drug_category"":""健胃薬"",""category_limit"":5,""packages"":[{""package_type"":""18錠"",""estimated_days"":6,""capacity_judgment"":""大容量""},{""package_type"":""36錠"",""estimated_days"":12,""capacity_judgment"":""大容量""},{""package_type"":""72錠"",""estimated_days"":24,""capacity_judgment"":""大容量""}]}",最近、胃が弱ってきたと感じる方におすすめの胃腸薬です。胃を守るテプレノンを増量し処方強化した本剤は、胃粘液を増やして胃を守る「守る」、胃の運動を活発にする「動かす」、脂肪を分解して消化する力を高める「消化する」という3つの働きで胃もたれなどの弱ってきた胃の症状を改善します。1回1錠で効く飲みやすい錠剤です。,新セルベール整胃プレミアム〈錠〉,対象外,,,,
2026/07/02 18:47:08,9,5才未満,妊婦、妊娠していると思われる人、または授乳中の人は服用前に医師、歯科医師、薬剤師又は登録販売者に相談すること。,-,"{""basis"":""9丸中"",""ingredients"":[{""name"":""木クレオソート"",""id"":""D03318"",""amount"":400,""unit"":""mg""},{""name"":""アセンヤク末"",""id"":""D06679"",""amount"":200,""unit"":""mg""},{""name"":""オウバク末"",""id"":""D06689"",""amount"":300,""unit"":""mg""},{""name"":""カンゾウ末"",""id"":""D04365"",""amount"":150,""unit"":""mg""},{""name"":""チンピ末"",""id"":""D06764"",""amount"":300,""unit"":""mg""}]}","{""adult_dose"":""3粒×3回"",""daily_dose"":9,""prohibited_age"":""5才未満""}","{""driving_warning"":"""",""pregnancy_warning"":""妊婦、妊娠していると思われる人、または授乳中の人は服用前に医師、歯科医師、薬剤師又は登録販売者に相談すること。"",""drug_category"":""止瀉薬"",""category_limit"":5,""packages"":[{""package_type"":""100丸"",""estimated_days"":11.1,""capacity_judgment"":""大容量""}]}",本剤は、主成分の日局木クレオソートをはじめ、アセンヤク末、オウバク末、カンゾウ末、チンピ末などの生薬が配合された、水分を含んだやわらかい黒褐色の丸剤です。胃腸の調子を整え、軟便、下痢、食あたり、水あたり、はき下し、消化不良による下痢などの症状に優れた効果を発揮します。また、むし歯の穴（歯窩）に直接つめることで、一時的にむし歯痛を和らげる効果も持ち合わせています。,正露丸,対象外,,,"木クレオソート：主な目的は、下痢・軟便、お腹の不快感の解消。作用機序は、腸の水分分泌抑制、蠕動運動の正常化
        PMDAの基準では、「直径6mm以上の丸剤や錠剤は、窒息や誤嚥の危険があるため5歳未満の乳幼児に服用させてはならない」と定められています。
        5歳未満の乳幼児を対象とした木クレオソートの安全性や適切な投与量に関する明確な臨床データが十分に存在しない
        5歳未満、特に乳幼児の下痢は、薬で無理に止めるよりも「脱水症状の防止（水分補給）」と「速やかな受診」が最優先されます
",
2026/07/02 18:57:57,3,15歳未満,妊婦又は妊娠していると思われる人は、服用前に医師、歯科医師、薬剤師又は登録販売者に相談すること,-,"{""basis"":""1錠中"",""ingredients"":[{""name"":""アセトアミノフェン"",""id"":""D00217"",""amount"":300,""unit"":""mg""}]}","{""adult_dose"":""1回1錠、1日3回まで（服用間隔は4時間以上おいてください）"",""daily_dose"":3,""prohibited_age"":""15歳未満""}","{""driving_warning"":"""",""pregnancy_warning"":""妊婦又は妊娠していると思われる人は、服用前に医師、歯科医師、薬剤師又は登録販売者に相談すること"",""drug_category"":""解熱鎮痛薬"",""category_limit"":7,""packages"":[{""package_type"":""10錠"",""estimated_days"":3.3,""capacity_judgment"":""小容量""},{""package_type"":""20錠"",""estimated_days"":6.7,""capacity_judgment"":""小容量""},{""package_type"":""30錠"",""estimated_days"":10,""capacity_judgment"":""大容量""}]}",有効成分アセトアミノフェンが主に脳の体温調節中枢や痛みを伝える物質に作用し、熱を下げ、頭痛や生理痛などの痛みを和らげます。胃酸から胃壁を守るプロスタグランジンにほとんど影響を与えないため、空腹時にも服用できる胃にやさしい設計です。ただし、かぜによる悪寒・発熱時にはなるべく空腹時を避けて服用してください。,タイレノールA,対象外,,,"タイレノール：米J&J製。1955年アメリカで誕生、2000年 に日本で市販化。化学名「N-acetyl-p-aminophenol」から一部抜いて命名
                　　　　市販の「タイレノール小児用」は日本に存在しない（15才以上のタイレノールAのみ）。
        カロナール：国内医療用発祥。1970年代〜。「軽くなる」由来。日本では2024年 に市販化
        　　　　　　2025年に「5才以上から飲めるジュニア用（小粒・低用量）」や「微粒（粉薬）タイプ」がラインナップに登場",
2026/07/02 19:51:50,2,15才未満の小児,授乳中の人は本剤を服用しないか、本剤を服用する場合は授乳を避けること。妊婦又は妊娠していると思われる人は相談すること。,-,"{""basis"":""2錠中"",""ingredients"":[{""name"":""ベポタスチンベシル酸塩"",""id"":""D01654"",""amount"":20,""unit"":""mg""}]}","{""adult_dose"":""1回1錠を1日2回"",""daily_dose"":2,""prohibited_age"":""15才未満の小児""}","{""driving_warning"":""運転禁止"",""pregnancy_warning"":""授乳中の人は本剤を服用しないか、本剤を服用する場合は授乳を避けること。妊婦又は妊娠していると思われる人は相談すること。"",""drug_category"":""鼻炎用内服薬"",""category_limit"":7,""packages"":[{""package_type"":""10錠"",""estimated_days"":5,""capacity_judgment"":""小容量""},{""package_type"":""30錠"",""estimated_days"":15,""capacity_judgment"":""大容量""},{""package_type"":""60錠"",""estimated_days"":30,""capacity_judgment"":""大容量""}]}",抗ヒスタミン作用と抗炎症作用を併せ持ち、くしゃみ、鼻みず、鼻づまりに効果を発揮します。眠くなりにくく、口がかわきにくい、日常生活への影響が少ない第2世代抗ヒスタミン薬です。朝夕1回1錠の服用で1日中効果が持続し、空腹時にも服用可能です。花粉やハウスダストなどによる鼻のアレルギー症状を緩和します。,タリオンAR,対象外,,,"タリオンAR：Allergic Rhinitisアレルギー性鼻炎の頭文字に由来。鼻炎（AR）専用の市販薬という意味
        現状､市販薬では「皮膚の適応」が外されている。（受診遅延の防止､慢性掻痒には第2世代抗ヒスタミン薬単剤による効果に疑問符）",
2026/07/02 19:59:29,2,11才未満,妊婦又は妊娠していると思われる人は服用前に医師、薬剤師又は登録販売者に相談すること,-,"{""basis"":""1錠中"",""ingredients"":[{""name"":""ジフェニドール塩酸塩"",""id"":""D01318"",""amount"":16.6,""unit"":""mg""},{""name"":""スコポラミン臭化水素酸塩水和物"",""id"":""D02071"",""amount"":0.16,""unit"":""mg""},{""name"":""無水カフェイン"",""id"":""D00528"",""amount"":30,""unit"":""mg""},{""name"":""ピリドキシン塩酸塩"",""id"":""D02179"",""amount"":5,""unit"":""mg""}]}","{""adult_dose"":""1回1錠、1日2回まで（服用間隔は4時間以上）"",""daily_dose"":2,""prohibited_age"":""11才未満""}","{""driving_warning"":""運転禁止"",""pregnancy_warning"":""妊婦又は妊娠していると思われる人は服用前に医師、薬剤師又は登録販売者に相談すること"",""drug_category"":""鎮うん薬（乗物酔防止薬，つわり用薬を含む）"",""category_limit"":5,""packages"":[{""package_type"":""6錠"",""estimated_days"":3,""capacity_judgment"":""小容量""}]}",トラベルミンRは、乗物酔いによるめまい・吐き気・頭痛の予防及び緩和に効果的な乗りもの酔い薬です。眠気が比較的少なく、酔ってからでも効く成分を配合しているため、バスや電車などで移動する間も快適に旅行を楽しめます。11才以上のお子様から大人の方まで服用可能で、乗車船30分前に服用することで効果を発揮します。,トラベルミンR,＊対象外,,,"""トラベルミンR：「眠くなりにくい（Reduce somnolence）」or「リフレッシュ（Refresh）」に由来とされる。
        Rはジフェニドールが主役で、制限対象のジフェンヒドラミンが含まれない。「旅行を楽しめるように」との意図も｡ただし､11才未満は服用不可
        ＊市販無印トラベルミン錠(医療用と同成分)はジフェンヒドラミン含むため、販売制限対象。（15才から服用可）
        　　参考:トラベルミン・ジュニア：成分量を大人の半分にカットし、5才〜14才専用として販売
　　　　　　ﾄﾗﾍﾞﾙﾐﾝ「1」は問題なし(メクリジン ＋ スコポラミン｡15歳から)｡『ファミリー』は、『1』の成分量を半分にした同一レシピ製品､5歳から。",
2026/07/02 21:11:01,6,15才未満の小児,出産予定日12週以内の妊婦は服用しないこと。妊婦又は妊娠していると思われる人、授乳中の人は服用前に医師、歯科医師、薬剤師又は登録販売者に相談すること。,-,"{""basis"":""2錠中"",""ingredients"":[{""name"":""イブプロフェン"",""id"":""D00126"",""amount"":160,""unit"":""mg""},{""name"":""アセトアミノフェン"",""id"":""D00217"",""amount"":160,""unit"":""mg""},{""name"":""無水カフェイン"",""id"":""D00528"",""amount"":50,""unit"":""mg""},{""name"":""乾燥水酸化アルミニウムゲル"",""id"":""D02416"",""amount"":70,""unit"":""mg""}]}","{""adult_dose"":""1回2錠、1日2回まで（ただし、再度症状があらわれた場合には3回目を服用できます）"",""daily_dose"":6,""prohibited_age"":""15才未満の小児""}","{""driving_warning"":""眠気注意"",""pregnancy_warning"":""出産予定日12週以内の妊婦は服用しないこと。妊婦又は妊娠していると思われる人、授乳中の人は服用前に医師、歯科医師、薬剤師又は登録販売者に相談すること。"",""drug_category"":""解熱鎮痛薬"",""category_limit"":7,""packages"":[{""package_type"":""20錠"",""estimated_days"":3.3,""capacity_judgment"":""小容量""},{""package_type"":""40錠"",""estimated_days"":6.7,""capacity_judgment"":""小容量""},{""package_type"":""60錠"",""estimated_days"":10,""capacity_judgment"":""大容量""}]}",つらい頭痛に速効かつ高い鎮痛効果を発揮する解熱鎮痛薬です。有効成分としてイブプロフェンとアセトアミノフェンをダブル配合しており、頭痛、肩こり痛、生理痛、関節痛、腰痛などの様々な痛みに対して優れた鎮痛効果を示すほか、悪寒や発熱時の解熱にも効果を発揮します。また、胃粘膜保護成分として乾燥水酸化アルミニウムゲルも配合されています。,バファリンプレミアムDX,対象外,,,"""バファリンシリーズはすべて対象外
　　バファリンプレミアムDX ：改名前。シリーズ最速・最強(ﾌﾟﾚﾐｱﾑより鎮痛成分を約20％増)、眠くならない
       　 バファリンプレミアムDXクイック＋：改名後。『バファリンプレミアムDX』は2025年よりこの名称に順次リニューアル（2025年7月､JANも同一）
        　　　「プレミアム ＝ 鎮痛成分 ＋ 眠気成分」（アリルイソプロピルアセチル尿素:鎮静強いが､指定濫用防止はなし｡運転は不可）
        　　　「プレミアムDX ＝ 鎮痛成分(2種)20%増量(市販最大量) - 眠気成分」（引き算｡運転可）
        バファリンライト：胃に一番優しい、マイルドな効き目（「大人の胃に優しいライト」。 バファリンAに比べ、アスピリンの量が少なめ｡15歳未満不可）
        バファリンルナJ：小中高校生用（Junior_7〜15才未満）、水なしで飲めるチュアブル。ルナ（Luna）：ローマ神話「月の女神」主に女性の悩みに寄り添うシリーズ。（アスピリン・イブプロフェン不使用、子どもにも安全な「アセトアミノフェン」）
        バファリンルナi：15才以上。生理痛・頭痛向け、眠くならない、小粒。「i」：痛みをブロックする主成分Ibuprofenの頭文字”",
2026/07/02 21:41:14,3,15歳未満,妊婦又は妊娠していると思われる人は服用前に医師、薬剤師又は登録販売者に相談すること,-,"{""basis"":""1錠中"",""ingredients"":[{""name"":""ブチルスコポラミン臭化物"",""id"":""D01451"",""amount"":10,""unit"":""mg""}]}","{""adult_dose"":""1回1錠、1日3回まで"",""daily_dose"":3,""prohibited_age"":""15歳未満""}","{""driving_warning"":""運転禁止"",""pregnancy_warning"":""妊婦又は妊娠していると思われる人は服用前に医師、薬剤師又は登録販売者に相談すること"",""drug_category"":""胃腸鎮痛鎮けい薬"",""category_limit"":5,""packages"":[{""package_type"":""20錠"",""estimated_days"":6.7,""capacity_judgment"":""大容量""}]}",胃痛・腹痛・さしこみなどの痛みは、胃腸の過度の緊張やけいれんによって起こります。ブスコパンA錠は、優れた鎮痛鎮痙作用を持つブチルスコポラミン臭化物を配合しており、胃腸の異常な緊張を和らげることで、胃痛・腹痛・さしこみなどの痛みをはじめ、胃酸過多や胸やけに対しても優れた効果を発揮します。,ブスコパンA錠,対象外,,,医療用（病院の薬）の先発「ブスコパン錠10mg」は2026年4月に販売中止｡GE「ツルハラ」などは、製造・販売継続,
2026/07/02 21:47:21,3,15歳未満,妊婦又は妊娠していると思われる人、および授乳中の人は、服用前に医師、薬剤師又は登録販売者に相談してください。,-,"{""basis"":""3錠中"",""ingredients"":[{""name"":""L-カルボシステイン"",""id"":""D00175"",""amount"":1500,""unit"":""mg""}]}","{""adult_dose"":""1錠×3回"",""daily_dose"":3,""prohibited_age"":""15歳未満""}","{""driving_warning"":"""",""pregnancy_warning"":""妊婦又は妊娠していると思われる人、および授乳中の人は、服用前に医師、薬剤師又は登録販売者に相談してください。"",""drug_category"":""鎮咳去痰薬"",""category_limit"":5,""packages"":[]}",本剤は、有効成分L-カルボシステインの作用により、たんの切れをよくする去たん薬です。L-カルボシステインが「たん」を構成する気道粘液を正常化することで粘度を減らしてサラサラにし、出しやすくする作用があります。さらに、気道粘膜を修復することによっても、たんを出しやすくし、絡むたんの症状を改善します。,ムコダイン去たん錠Pro500,対象外,,,,
2026/07/02 22:09:13,2,15才未満の小児,妊婦又は妊娠していると思われる人は服用しないこと。授乳中の人は服用しないか、服用する場合は授乳を避けること。,-,"{""basis"":""2錠中"",""ingredients"":[{""name"":""アゼラスチン塩酸塩"",""id"":""D00659"",""amount"":2,""unit"":""mg""}]}","{""adult_dose"":""1錠×2回"",""daily_dose"":2,""prohibited_age"":""15才未満の小児""}","{""driving_warning"":""運転禁止"",""pregnancy_warning"":""妊婦又は妊娠していると思われる人は服用しないこと。授乳中の人は服用しないか、服用する場合は授乳を避けること。"",""drug_category"":""その他のアレルギー用薬"",""category_limit"":5,""packages"":[{""package_type"":""12錠"",""estimated_days"":6,""capacity_judgment"":""大容量""},{""package_type"":""24錠"",""estimated_days"":12,""capacity_judgment"":""大容量""}]}",『ムヒAZ錠』は、全身に広がるかゆみや、かゆくて眠れないなどの症状に飲んで効く治療薬です。有効成分アゼラスチン塩酸塩が、かゆみやはれの「発症・拡大・悪化」を3方向から抑えます。1回1錠で12時間長く効き、塗り薬では対処しきれない広範囲のかゆみ・はれのほか、花粉やハウスダストなどによる鼻のアレルギー症状（くしゃみ、鼻水、鼻づまり）にも優れた効果を発揮します。,ムヒAZ錠,対象外,,,"ムヒAZ錠：AZはアゼラスチンのスペル由来
        高いかゆみ止め効果を維持しながら、眠気やだるさを最小限に抑える設計（※ただし運転は不可）
        数少ない「市販･皮膚掻痒対策･第2世代抗ﾋｽ」｡他にｱｾﾞﾗｽﾁﾝ同成分「アレジンAZ錠」､ﾒｷﾀｼﾞﾝ配合「ｼﾞﾝﾏｰﾄ錠」のみ｡いずれも15才以上。
        　　第1世代では、ジフェンヒドラミン配合『レスタミンコーワ糖衣錠』（5才〜）､クロルフェニラミン配合『アレルギール錠』（4才〜）",
2026/07/02 22:53:26,3,15歳未満の小児,妊婦又は妊娠していると思われる人は服用しないこと。授乳中の人は服用前に医師、薬剤師又は登録販売者に相談すること。,-,"{""basis"":""3錠中"",""ingredients"":[{""name"":""フラボキサート塩酸塩"",""id"":""D00718"",""amount"":600,""unit"":""mg""}]}","{""adult_dose"":""1回1錠、1日3回"",""daily_dose"":3,""prohibited_age"":""15歳未満の小児""}","{""driving_warning"":""運転禁止"",""pregnancy_warning"":""妊婦又は妊娠していると思われる人は服用しないこと。授乳中の人は服用前に医師、薬剤師又は登録販売者に相談すること。"",""drug_category"":""頻尿・残尿感改善薬"",""category_limit"":5,""packages"":[{""package_type"":""20錠"",""estimated_days"":6.7,""capacity_judgment"":""大容量""}]}",レディガードコーワは、女性における頻尿（排尿の回数が多い）や残尿感を改善するお薬です。有効成分であるフラボキサート塩酸塩が過敏な状態の膀胱を正常に改善します。1回1錠、1日3回の服用によって、トイレが近くて外出が不安な方や、就寝中に何度も尿意で目が覚めてしまうといった女性の尿トラブルに対して優れた効果を発揮します。,レディガードコーワ,対象外,,,医療用医薬品（先発品）の商品名は「ブラダロン錠200mg」,
2026/07/02 23:41:49,6,15歳未満,,-,"{""basis"":""6カプセル中"",""ingredients"":[{""name"":""パンテチン"",""id"":""D01234"",""amount"":375,""unit"":""mg""},{""name"":""大豆油不けん化物（ソイステロール）"",""id"":""D04269"",""amount"":600,""unit"":""mg""},{""name"":""酢酸d-α-トコフェロール"",""id"":""D01735"",""amount"":100,""unit"":""mg""},{""name"":""ルチン"",""id"":""D08499"",""amount"":60,""unit"":""mg""},{""name"":""ピリドキシン塩酸塩"",""id"":""D02179"",""amount"":10,""unit"":""mg""}]}","{""adult_dose"":""2カプセル×3回"",""daily_dose"":6,""prohibited_age"":""15歳未満""}","{""driving_warning"":"""",""pregnancy_warning"":"""",""drug_category"":""動脈硬化用薬"",""category_limit"":5,""packages"":[{""package_type"":""90カプセル"",""estimated_days"":15,""capacity_judgment"":""大容量""},{""package_type"":""180カプセル"",""estimated_days"":30,""capacity_judgment"":""大容量""}]}",ローカスタEXは、パンテチンの働きによって脂質代謝を改善し、血中の総コレステロールを低下させます。またソイステロールが、コレステロールの腸管からの吸収を阻害し、体外への排泄を促します。さらに、天然型ビタミンEが、過酸化脂質の増加を抑え、末梢の血行をよくします。ルチンやビタミンB6も配合し、血清高コレステロールの改善や手足の冷え・しびれの緩和に効果を発揮します。,ローカスタEX,対象外,,,「ローカスタEX ＝ パントシン（パンテチン） ＋ ユベラ（ビタミンE） ＋ 大豆由来成分(ソイステロール；大豆油不けん化物600mg)」,
2026/07/07 1:14:47,10,,,-,"{""basis"":""1錠中"",""ingredients"":[{""name"":""オロチン酸"",""id"":""D00055"",""amount"":30,""unit"":""mg""},{""name"":""ウコンエキス"",""id"":""D06695"",""amount"":2,""unit"":""mg""},{""name"":""鬱金"",""id"":""D06695"",""amount"":4,""unit"":""mg""},{""name"":""DL-メチオニン"",""id"":""D04983"",""amount"":30,""unit"":""mg""},{""name"":""ゴオウ"",""id"":""D06721"",""amount"":0.5,""unit"":""mg""},{""name"":""アスコルビン酸"",""id"":""D00018"",""amount"":30,""unit"":""mg""},{""name"":""チアミン塩化物塩酸塩"",""id"":""D02094"",""amount"":2,""unit"":""mg""},{""name"":""リボフラビン"",""id"":""D00050"",""amount"":1,""unit"":""mg""},{""name"":""ニコチン酸アミド"",""id"":""D00036"",""amount"":10,""unit"":""mg""},{""name"":""パントテン酸カルシウム"",""id"":""D01082, D03300"",""amount"":5,""unit"":""mg""}]}","{""adult_dose"":""1日3～10錠"",""daily_dose"":10,""prohibited_age"":""""}","{""driving_warning"":"""",""pregnancy_warning"":"""",""drug_category"":""その他の滋養強壮保健薬"",""category_limit"":5,""packages"":[{""package_type"":""12錠"",""estimated_days"":1.2,""capacity_judgment"":""小容量""},{""package_type"":""24錠"",""estimated_days"":2.4,""capacity_judgment"":""小容量""},{""package_type"":""30錠"",""estimated_days"":3,""capacity_judgment"":""小容量""},{""package_type"":""70錠"",""estimated_days"":7,""capacity_judgment"":""大容量""},{""package_type"":""75錠"",""estimated_days"":7.5,""capacity_judgment"":""大容量""},{""package_type"":""100錠"",""estimated_days"":10,""capacity_judgment"":""大容量""},{""package_type"":""200錠"",""estimated_days"":20,""capacity_judgment"":""大容量""},{""package_type"":""270錠"",""estimated_days"":27,""capacity_judgment"":""大容量""}]}",肝臓は新陳代謝をつかさどる重要な臓器であり、栄養素の供給・貯蔵、有害物質の排泄といった役目を果たしますが、いたみやすい性質も持ちます。本剤は、宿酔（二日酔い）、自家中毒、流行性肝炎、じんましん、湿疹、吹出物、にきび、しもやけ、アレルギー性体質、肌のあれ、強精、病後回復期、妊産婦の栄養補給に効果があります。,強肝，解毒，強力グットA錠,対象外,,,二日酔い・肝臓の疲れに。肝細胞を保護するオロチン酸や解毒を助けるメチオニン・ウコン等を配合,
2026/07/07 1:18:02,12,15才未満,授乳中は服用しないか、授乳を避けること。妊婦または妊娠している可能性のある人は服用前に医師等に相談すること。,-,"{""basis"":""12錠中"",""ingredients"":[{""name"":""ダイオウ末"",""id"":""D06756"",""amount"":175,""unit"":""mg""},{""name"":""カノコソウ末"",""id"":""D06699"",""amount"":207,""unit"":""mg""},{""name"":""ケイヒ末"",""id"":""D06712"",""amount"":170,""unit"":""mg""},{""name"":""センキュウ末"",""id"":""D06748"",""amount"":100,""unit"":""mg""},{""name"":""ソウジュツ末"",""id"":""D06752"",""amount"":100,""unit"":""mg""},{""name"":""シャクヤク末"",""id"":""D06739"",""amount"":300,""unit"":""mg""},{""name"":""ブクリョウ末"",""id"":""D06783"",""amount"":175,""unit"":""mg""},{""name"":""トウキ末"",""id"":""D06768"",""amount"":300,""unit"":""mg""},{""name"":""コウブシ末"",""id"":""D06719"",""amount"":50,""unit"":""mg""},{""name"":""ゴシュユ"",""id"":""D00173"",""amount"":40,""unit"":""mg""},{""name"":""ハンゲ"",""id"":""D06778"",""amount"":75,""unit"":""mg""},{""name"":""ニンジン末"",""id"":""D06772"",""amount"":40,""unit"":""mg""},{""name"":""コウカ"",""id"":""D06717"",""amount"":50,""unit"":""mg""},{""name"":""チアミン塩化物塩酸塩"",""id"":""D02094"",""amount"":5,""unit"":""mg""},{""name"":""リボフラビン"",""id"":""D00050"",""amount"":1,""unit"":""mg""},{""name"":""ピリドキシン塩酸塩"",""id"":""D02179"",""amount"":0.5,""unit"":""mg""},{""name"":""シアノコバラミン"",""id"":""D00166"",""amount"":1,""unit"":""μg""},{""name"":""パントテン酸カルシウム"",""id"":""D01082, D03300"",""amount"":5,""unit"":""mg""},{""name"":""葉酸"",""id"":""D00070"",""amount"":0.5,""unit"":""mg""},{""name"":""アミノエチルスルホン酸(タウリン)"",""id"":""D00047"",""amount"":90,""unit"":""mg""},{""name"":""トコフェロールコハク酸エステル"",""id"":""D01406"",""amount"":5,""unit"":""mg""},{""name"":""リン酸水素カルシウム水和物"",""id"":""D00937"",""amount"":10,""unit"":""mg""},{""name"":""ビオチン"",""id"":""D00029"",""amount"":1,""unit"":""μg""},{""name"":""精製大豆レシチン"",""id"":""D04682"",""amount"":10,""unit"":""mg""}]}","{""adult_dose"":""4錠×3回"",""daily_dose"":12,""prohibited_age"":""15才未満""}","{""driving_warning"":"""",""pregnancy_warning"":""授乳中は服用しないか、授乳を避けること。妊婦または妊娠している可能性のある人は服用前に医師等に相談すること。"",""drug_category"":""婦人薬"",""category_limit"":5,""packages"":[{""package_type"":""84錠"",""estimated_days"":7,""capacity_judgment"":""大容量""},{""package_type"":""252錠"",""estimated_days"":21,""capacity_judgment"":""大容量""},{""package_type"":""420錠"",""estimated_days"":35,""capacity_judgment"":""大容量""},{""package_type"":""840錠"",""estimated_days"":70,""capacity_judgment"":""大容量""}]}",更年期障害、更年期神経症、生理不順、冷え症、めまい、肩こり、貧血など、女性特有の心身の不調を改善する女性保健薬です。13種類の生薬とビタミン類、カルシウムなどを配合し、女性ホルモンのバランスや自律神経の乱れを穏やかに整えることで、更年期に起こるさまざまな症状を改善します。小さくて飲みやすい糖衣錠です。,女性保健薬 命の母A,対象外,,,"メグリビa：「更年期＋肌悩み」に。生薬13種､自律神経と肌を整える「加味逍遙散合四物湯」
命の母A：更年期の総合不調に。生薬13種にビタミンB群やカルシウムなど
アクティブ：更年期後関節・筋肉痛に。生薬10種｡骨・筋肉を補うゴシツやトウキなど
ホワイト：PMS生理前・生理痛に。生薬11種｡血の滞りを巡らせ痛みを鎮めるトウニンやダイオウなど",
2026/07/07 1:19:42,3,15歳未満,妊婦または妊娠していると思われる人は服用前に医師、薬剤師または登録販売者に相談すること,-,"{""basis"":""3本(90mL)中"",""ingredients"":[{""name"":""葛根湯エキス"",""id"":""D06698"",""amount"":8.3,""unit"":""g""},{""name"":""カッコン"",""id"":""D06693"",""amount"":8,""unit"":""g""},{""name"":""マオウ"",""id"":""D06791"",""amount"":4,""unit"":""g""},{""name"":""タイソウ"",""id"":""D06758"",""amount"":4,""unit"":""g""},{""name"":""ケイヒ"",""id"":""D06712"",""amount"":3,""unit"":""g""},{""name"":""シャクヤク"",""id"":""D06739"",""amount"":3,""unit"":""g""},{""name"":""カンゾウ"",""id"":""D04365"",""amount"":2,""unit"":""g""},{""name"":""ショウキョウ"",""id"":""D06744"",""amount"":1,""unit"":""g""}]}","{""adult_dose"":""1本×3回"",""daily_dose"":3,""prohibited_age"":""15歳未満""}","{""driving_warning"":"""",""pregnancy_warning"":""妊婦または妊娠していると思われる人は服用前に医師、薬剤師または登録販売者に相談すること"",""drug_category"":""漢方製剤"",""category_limit"":5,""packages"":[]}",体力中等度以上のものの感冒の初期（汗をかいていないもの）、鼻かぜ、鼻炎、頭痛、肩こり、筋肉痛、手や肩の痛みに効果を発揮する漢方内服液です。,ツムラ漢方内服液葛根湯,対象外,,,引き始めのかぜ・頭痛・肩こりに｡体を温めて発汗を促すカッコンやマオウなど7種の生薬を配合。,
2026/07/07 1:21:09,9,5歳未満,妊婦又は妊娠していると思われる人は服用前に医師、薬剤師又は登録販売者に相談すること,-,"{""basis"":""9錠中"",""ingredients"":[{""name"":""リパーゼAP6"",""id"":null,""amount"":60,""unit"":""mg""},{""name"":""プロザイム6"",""id"":null,""amount"":30,""unit"":""mg""},{""name"":""ビオヂアスターゼ1000"",""id"":""D08705"",""amount"":60,""unit"":""mg""},{""name"":""ウルソデオキシコール酸"",""id"":""D00734"",""amount"":12.6,""unit"":""mg""},{""name"":""炭酸水素ナトリウム"",""id"":""D01203"",""amount"":1530,""unit"":""mg""},{""name"":""合成ヒドロタルサイト"",""id"":""D03238"",""amount"":900,""unit"":""mg""},{""name"":""沈降炭酸カルシウム"",""id"":""D00932"",""amount"":270,""unit"":""mg""},{""name"":""ケイヒ油"",""id"":""D06713"",""amount"":10.4,""unit"":""mg""},{""name"":""レモン油"",""id"":""D04686"",""amount"":4.46,""unit"":""mg""},{""name"":""ウイキョウ油"",""id"":""D04154"",""amount"":1.65,""unit"":""mg""}]}","{""adult_dose"":""3錠×3回"",""daily_dose"":9,""prohibited_age"":""5歳未満""}","{""driving_warning"":"""",""pregnancy_warning"":""妊婦又は妊娠していると思われる人は服用前に医師、薬剤師又は登録販売者に相談すること"",""drug_category"":""制酸・健胃・消化・整腸を2以上標榜するもの"",""category_limit"":5,""packages"":[{""package_type"":""45錠"",""estimated_days"":5,""capacity_judgment"":""小容量""},{""package_type"":""120錠"",""estimated_days"":13.3,""capacity_judgment"":""大容量""},{""package_type"":""300錠"",""estimated_days"":33.3,""capacity_judgment"":""大容量""}]}",近年の多様化した食生活において、加工食品や肉食など脂肪分の多い食事や不規則な食生活が胃に負担をかける機会を増やしています。太田胃散A〈錠剤〉は、胃の中の脂肪分を分解することで胃への負担を和らげ、不快な症状を改善する胃腸薬です。脂肪や肉類を消化するリパーゼAP6、ウルソデオキシコール酸、プロザイム6、ビオヂアスターゼ1000の働きにより、脂っこい食事や食べすぎによる胃のもたれに優れた効果を発揮します。,太田胃散A〈錠剤〉,対象外,,,"太田漢方胃腸薬Ⅱ：【ストレス性の胃痛・神経性胃炎】に、自律神経を整える安中散加茯苓（粉末タイプ）。
 太田漢方胃腸薬Ⅱ〈錠剤〉：【ストレス性の胃痛・神経性胃炎】に、自律神経を整える安中散加茯苓（錠剤タイプ）。
 太田胃散：【飲みすぎ・胸やけ】に、7種の健胃生薬と胃酸を抑える制酸剤を配合した伝統の「粉末」総合胃腸薬。
 太田胃散A〈錠剤〉：【脂っこい食事の胃もたれ・食べすぎ】に、脂肪やたん白質を強力に分解する4種の消化酵素配合の「錠剤」。
 太田胃散NEXT：【急な食べすぎ・飲みすぎむかつき】に、コンビニでも手軽に買える指定医薬部外品の「粉末」健胃清涼剤。
 太田胃散NEXT錠：【急な食べすぎ・飲みすぎむかつき】に、コンビニでも手軽に買える指定医薬部外品の「小粒錠剤」。
 太田胃散S：【様々な胃の不調・胸やけ】に、味や香りをマイルドにしてより飲みやすくした「缶入り（粉末）」総合胃腸薬。 ",
2026/07/07 1:24:39,4,15才未満の小児および乳幼児,妊婦または妊娠していると思われる人、授乳中の人は服用前に医師、薬剤師または登録販売者に相談すること,-,"{""basis"":""2錠中"",""ingredients"":[{""name"":""クロルゾキサゾン"",""id"":""D00771"",""amount"":300,""unit"":""mg""},{""name"":""エテンザミド"",""id"":""D01466"",""amount"":300,""unit"":""mg""},{""name"":""カフェイン水和物"",""id"":""D01453"",""amount"":50,""unit"":""mg""}]}","{""adult_dose"":""1～2錠×2回"",""daily_dose"":4,""prohibited_age"":""15才未満の小児および乳幼児""}","{""driving_warning"":""運転禁止"",""pregnancy_warning"":""妊婦または妊娠していると思われる人、授乳中の人は服用前に医師、薬剤師または登録販売者に相談すること"",""drug_category"":""その他の精神神経用薬"",""category_limit"":5,""packages"":[{""package_type"":""12錠"",""estimated_days"":3,""capacity_judgment"":""小容量""},{""package_type"":""16錠"",""estimated_days"":4,""capacity_judgment"":""小容量""}]}",コリホグスは、つらい肩こりや首筋の痛み、腰痛、背痛などを内側からしっかり、すばやく鎮める内服薬です。筋肉弛緩成分クロルゾキサゾンが硬直した筋肉をゆるめ、痛み止め成分エテンザミドがつらい痛みを和らげます。捻挫、打ち身、神経痛、リウマチ性疼痛、四十肩、関節痛、筋炎、腱炎にも効果があります。,コリホグス,△,,,【指定対象外】だが、中枢抑制作用を持つため、アルコールやベンゾ系との併用･ODで重篤な呼吸抑制・昏睡を招く,
2026/07/07 1:28:19,3,15才未満,授乳中の人は服用を避けること。妊婦または妊娠していると思われる人は服用前に医師、薬剤師等に相談すること。,"ブロモバレリル尿素,ジフェンヒドラミン","{""basis"":""3錠中"",""ingredients"":[{""name"":""ブロモバレリル尿素"",""id"":""D01391"",""amount"":250,""unit"":""mg""},{""name"":""アリルイソプロピルアセチル尿素"",""id"":""D03975"",""amount"":150,""unit"":""mg""},{""name"":""ジフェンヒドラミン塩酸塩"",""id"":""D00669"",""amount"":25,""unit"":""mg""}]}","{""adult_dose"":""1錠×3回"",""daily_dose"":3,""prohibited_age"":""15才未満""}","{""driving_warning"":""運転禁止"",""pregnancy_warning"":""授乳中の人は服用を避けること。妊婦または妊娠していると思われる人は服用前に医師、薬剤師等に相談すること。"",""drug_category"":""催眠鎮静薬"",""category_limit"":5,""packages"":[{""package_type"":""9錠"",""estimated_days"":3,""capacity_judgment"":""小容量""},{""package_type"":""12錠"",""estimated_days"":4,""capacity_judgment"":""小容量""}]}",現代社会のストレスにより引き起こされる精神の興奮や神経衰弱、頭痛などの神経症状を鎮静することを目的とした薬です。様々な神経症状に作用し、鎮静を必要とする諸症に効果を発揮します。,ウット,〇,,,【激しい興奮・自律神経の乱れ】に、尿素系2種を高濃度で配合した、中枢を強力に抑える精神鎮静薬。極めて精神依存の標的になりやすい,
2026/07/07 1:36:45,9,15歳未満の小児,出産予定日12週以内の妊婦は服用禁止。妊婦または妊娠していると思われる人、授乳中の人は服用前に相談すること。,"デキストロメトルファン,プソイドエフェドリン","{""basis"":""9錠中"",""ingredients"":[{""name"":""イブプロフェン"",""id"":""D00126"",""amount"":600,""unit"":""mg""},{""name"":""トラネキサム酸"",""id"":""D01136"",""amount"":750,""unit"":""mg""},{""name"":""デキストロメトルファン臭化水素酸塩水和物"",""id"":""D00848"",""amount"":48,""unit"":""mg""},{""name"":""ブロムヘキシン塩酸塩"",""id"":""D01778"",""amount"":12,""unit"":""mg""},{""name"":""グアイフェネシン"",""id"":""D00337"",""amount"":250,""unit"":""mg""},{""name"":""プソイドエフェドリン塩酸塩"",""id"":""D00485"",""amount"":135,""unit"":""mg""},{""name"":""d-クロルフェニラミンマレイン酸塩"",""id"":""D00668"",""amount"":3.5,""unit"":""mg""},{""name"":""無水カフェイン"",""id"":""D00528"",""amount"":75,""unit"":""mg""}]}","{""adult_dose"":""3錠×3回"",""daily_dose"":9,""prohibited_age"":""15歳未満の小児""}","{""driving_warning"":""運転禁止"",""pregnancy_warning"":""出産予定日12週以内の妊婦は服用禁止。妊婦または妊娠していると思われる人、授乳中の人は服用前に相談すること。"",""drug_category"":""かぜ薬"",""category_limit"":7,""packages"":[{""package_type"":""30錠"",""estimated_days"":3.3,""capacity_judgment"":""小容量""},{""package_type"":""45錠"",""estimated_days"":5,""capacity_judgment"":""小容量""}]}",本製品は、イブプロフェン600mg（1日量）を配合し、のどの痛みや発熱を抑えます。トラネキサム酸が粘膜の炎症を鎮め、デキストロメトルファン臭化水素酸塩水和物がせき中枢に作用し、せきを鎮めます。8種の成分配合により、のどの痛み、せき、発熱、鼻づまり、鼻水、くしゃみ、たん、悪寒、頭痛、関節痛、筋肉痛など、かぜの諸症状を幅広く緩和する総合かぜ薬です。,ベンザブロックLプレミアムDX錠,〇,,,,
2026/07/07 1:37:39,6,12歳未満の小児,授乳中の人は服用しないか、服用する場合は授乳を避けること。妊婦または妊娠していると思われる人は服用前に相談すること。,"ジヒドロコデイン, メチルエフェドリン","{""basis"":""6錠中"",""ingredients"":[{""name"":""アセトアミノフェン"",""id"":""D00217"",""amount"":900,""unit"":""mg""},{""name"":""ヨウ化イソプロパミド"",""id"":""D01005"",""amount"":6,""unit"":""mg""},{""name"":""d-クロルフェニラミンマレイン酸塩"",""id"":""D00668"",""amount"":3.5,""unit"":""mg""},{""name"":""トラネキサム酸"",""id"":""D01136"",""amount"":420,""unit"":""mg""},{""name"":""ジヒドロコデインリン酸塩"",""id"":""D01481"",""amount"":24,""unit"":""mg""},{""name"":""dl-メチルエフェドリン塩酸塩"",""id"":""D02109"",""amount"":60,""unit"":""mg""},{""name"":""無水カフェイン"",""id"":""D00528"",""amount"":75,""unit"":""mg""},{""name"":""ヘスペリジン"",""id"":""D01038"",""amount"":90,""unit"":""mg""}]}","{""adult_dose"":""2錠×3回"",""daily_dose"":6,""prohibited_age"":""12歳未満の小児""}","{""driving_warning"":""運転禁止"",""pregnancy_warning"":""授乳中の人は服用しないか、服用する場合は授乳を避けること。妊婦または妊娠していると思われる人は服用前に相談すること。"",""drug_category"":""かぜ薬"",""category_limit"":7,""packages"":[{""package_type"":""18錠"",""estimated_days"":3,""capacity_judgment"":""小容量""},{""package_type"":""30錠"",""estimated_days"":5,""capacity_judgment"":""小容量""}]}",ベンザブロックSは、鼻汁の分泌を抑えるヨウ化イソプロパミドと抗ヒスタミン成分d-クロルフェニラミンマレイン酸塩で鼻水・くしゃみを緩和します。トラネキサム酸がのどの痛みを抑え、解熱鎮痛成分アセトアミノフェンなど8種の成分がバランスよく働き、かぜの諸症状を緩和します。のみやすい小型の淡黄色のカプレットタイプの錠剤です。,ベンザブロックS,〇,,,,
2026/07/07 1:38:31,6,15歳未満の小児,出産予定日12週以内の妊婦は服用しないこと。授乳中の人は服用しないか、服用する場合は授乳を避けること。,"ジヒドロコデインリン酸塩,dl-メチルエフェドリン塩酸塩","{""basis"":""6錠中"",""ingredients"":[{""name"":""イブプロフェン"",""id"":""D00126"",""amount"":600,""unit"":""mg""},{""name"":""ジヒドロコデインリン酸塩"",""id"":""D01481"",""amount"":24,""unit"":""mg""},{""name"":""dl-メチルエフェドリン塩酸塩"",""id"":""D02109"",""amount"":60,""unit"":""mg""},{""name"":""アンブロキソール塩酸塩"",""id"":""D01479"",""amount"":45,""unit"":""mg""},{""name"":""d-クロルフェニラミンマレイン酸塩"",""id"":""D00668"",""amount"":3.5,""unit"":""mg""},{""name"":""無水カフェイン"",""id"":""D00528"",""amount"":75,""unit"":""mg""},{""name"":""リボフラビン"",""id"":""D00050"",""amount"":12,""unit"":""mg""},{""name"":""チアミン硝化物"",""id"":""D03277"",""amount"":25,""unit"":""mg""}]}","{""adult_dose"":""2錠×3回"",""daily_dose"":6,""prohibited_age"":""15歳未満の小児""}","{""driving_warning"":""運転禁止"",""pregnancy_warning"":""出産予定日12週以内の妊婦は服用しないこと。授乳中の人は服用しないか、服用する場合は授乳を避けること。"",""drug_category"":""かぜ薬"",""category_limit"":7,""packages"":[{""package_type"":""12錠"",""estimated_days"":2,""capacity_judgment"":""小容量""},{""package_type"":""24錠"",""estimated_days"":4,""capacity_judgment"":""小容量""}]}",本剤はイブプロフェン600mg（1日量）を配合し、のどの痛みや発熱を緩和します。ジヒドロコデインリン酸塩とdl-メチルエフェドリン塩酸塩がせきを鎮め、アンブロキソール塩酸塩がたんの排出を助けます。8種の成分配合により、かぜの諸症状（せき、たん、のどの痛み、鼻水、鼻づまり、くしゃみ、悪寒、発熱、頭痛、関節痛、筋肉痛）を総合的に緩和する、小型の淡黄色のカプレット錠です。,ベンザブロックTプレミアムDX,〇,,,,
2026/07/07 1:39:41,9,7歳未満,妊婦又は妊娠していると思われる人、授乳中の人は服用前に医師、薬剤師又は登録販売者に相談すること,"デキストロメトルファン, メチルエフェドリン","{""basis"":""9錠中"",""ingredients"":[{""name"":""クレマスチンフマル酸塩"",""id"":""D00666"",""amount"":1.34,""unit"":""mg""},{""name"":""ベラドンナ総アルカロイド"",""id"":null,""amount"":0.3,""unit"":""mg""},{""name"":""ブロムヘキシン塩酸塩"",""id"":""D01778"",""amount"":12,""unit"":""mg""},{""name"":""トラネキサム酸"",""id"":""D01136"",""amount"":420,""unit"":""mg""},{""name"":""アセトアミノフェン"",""id"":""D00217"",""amount"":900,""unit"":""mg""},{""name"":""dl-メチルエフェドリン塩酸塩"",""id"":""D02109"",""amount"":60,""unit"":""mg""},{""name"":""デキストロメトルファン臭化水素酸塩水和物"",""id"":""D00848"",""amount"":48,""unit"":""mg""},{""name"":""無水カフェイン"",""id"":""D00528"",""amount"":60,""unit"":""mg""}]}","{""adult_dose"":""3錠×3回"",""daily_dose"":9,""prohibited_age"":""7歳未満""}","{""driving_warning"":""運転禁止"",""pregnancy_warning"":""妊婦又は妊娠していると思われる人、授乳中の人は服用前に医師、薬剤師又は登録販売者に相談すること"",""drug_category"":""かぜ薬"",""category_limit"":7,""packages"":[{""package_type"":""30錠"",""estimated_days"":3.3,""capacity_judgment"":""小容量""},{""package_type"":""60錠"",""estimated_days"":6.7,""capacity_judgment"":""小容量""},{""package_type"":""90錠"",""estimated_days"":10,""capacity_judgment"":""大容量""}]}",新ルルAゴールドDXαは、つらいかぜの11症状（のどの痛み、発熱、鼻水、鼻づまり、せき、たん、悪寒、頭痛、くしゃみ、関節の痛み、筋肉の痛み）すべてに優れた効き目を発揮する総合かぜ薬です。抗炎症成分トラネキサム酸と解熱鎮痛成分アセトアミノフェンがのどの痛み・発熱に、持続性抗ヒスタミン成分クレマスチンフマル酸塩と副交感神経遮断成分ベラドンナ総アルカロイドが鼻水・鼻づまりに、去痰成分ブロムヘキシン塩酸塩がせき・たんに効果を発揮します。7歳以上から服用でき、苦味のない小粒の糖衣錠です。,新ルルAゴールドDXα,＊〇,,,"""「ルルと名のつくかぜ薬（内用）は、ドロップも含めてすべて指定濫用該当（1人1個制限）」
## ルルアタック シリーズ（症状特化型・15歳以上）
* ルルアタックCX：【つらいせき・たん】に、去たん成分L-カルボシステインと抗炎症イブプロフェンを配合。
* ルルアタックCXプレミアム：【つらいせき・たん】に、イブプロフェンを1日最大量600mgまで増量し抗炎症を強化。
* ルルアタックEX：【つらいのどの痛み・熱】に、炎症を抑えるトラネキサム酸とイブプロフェンをダブル配合。
* ルルアタックEXプレミアム：【つらいのどの痛み・熱】に、イブプロフェンを1日最大量600mgまで増量し鎮痛を強化。
* ルルアタックFXa：【つらい発熱・さむけ】に、熱を下げるアセトアミノフェンやショウキキョウエキスなどを配合。
* ルルアタックNX：【つらい鼻水・鼻づまり】に、鼻水を止めるヨウ化イソプロパミドやd-クロルフェニラミンを配合。
* ルルアタックNXプレミアム：【つらい鼻水・鼻づまり】に、さらに喉の腫れを抑えるトラネキサム酸を新配合。
## ルル・新ルル シリーズ（定番総合かぜ薬・家族向けなど）
* ルルゴールド細粒：【家族の総合かぜ薬】に、のどの痛みや鼻水に効くアセトアミノフェンや生薬を配合（1歳から服用可の粉末）。
* 新ルル-A錠s：【家族の総合かぜ薬】に、のどの痛み、鼻水、せきに効く成分をバランスよく配合した伝統の白の錠剤。
* 新ルルAゴールドDXα：【つらい鼻水・のどの痛み】に、持続性抗ヒスタミン成分クレマチシンやトラネキサム酸をプラス。コデインをDXMに変えて呼吸リスクを回避したため、「7歳から服用可能」（ただしベラドンナの抗コリン毒性の制限により7歳未満は不可）
* 新ルルS細粒：【家族の総合かぜ薬】に、アセトアミノフェンなどを配合した、溶けやすく苦みのないサッと飲める粉末。""",
2026/07/07 1:45:02,60,12才未満の小児,授乳中の人は服用しないか、服用する場合は授乳を避けること。妊婦又は妊娠していると思われる人は服用前に医師、薬剤師又は登録販売者に相談すること。,ジヒドロコデイン,"{""basis"":""60mL中"",""ingredients"":[{""name"":""ジヒドロコデインリン酸塩"",""id"":""D01481"",""amount"":30,""unit"":""mg""},{""name"":""グアイフェネシン"",""id"":""D00337"",""amount"":170,""unit"":""mg""},{""name"":""クロルフェニラミンマレイン酸塩"",""id"":""D00665"",""amount"":12,""unit"":""mg""},{""name"":""無水カフェイン"",""id"":""D00528"",""amount"":62,""unit"":""mg""}]}","{""adult_dose"":""10mL×3回"",""daily_dose"":60,""prohibited_age"":""12才未満の小児""}","{""driving_warning"":""運転禁止"",""pregnancy_warning"":""授乳中の人は服用しないか、服用する場合は授乳を避けること。妊婦又は妊娠していると思われる人は服用前に医師、薬剤師又は登録販売者に相談すること。"",""drug_category"":""鎮咳去痰薬"",""category_limit"":5,""packages"":[{""package_type"":""120mL"",""estimated_days"":2,""capacity_judgment"":""小容量""}]}",新ブロン液エースは、せき、たんに効果を発揮する鎮咳去痰薬です。,新ブロン液エース,〇,,,グアイフェネシン：【中枢作用なし・マイルド】気道分泌を促し痰を薄める安全性の高い去痰薬。ただし、過量摂取時には強烈な催吐作用（急性胃粘膜刺激による嘔吐）を発現するため、コデイン乱用時の「致死量吸着を物理的に阻害する因子」となる,
2026/07/07 1:49:41,6,8才未満,妊婦又は妊娠していると思われる人は服用前に医師等に相談すること,ブロモバレリル尿素,"{""basis"":""2錠中"",""ingredients"":[{""name"":""アセトアミノフェン"",""id"":""D00217"",""amount"":265,""unit"":""mg""},{""name"":""エテンザミド"",""id"":""D01466"",""amount"":300,""unit"":""mg""},{""name"":""ブロモバレリル尿素"",""id"":""D01391"",""amount"":200,""unit"":""mg""},{""name"":""無水カフェイン"",""id"":""D00528"",""amount"":50,""unit"":""mg""}]}","{""adult_dose"":""2錠×3回"",""daily_dose"":6,""prohibited_age"":""8才未満""}","{""driving_warning"":""運転禁止"",""pregnancy_warning"":""妊婦又は妊娠していると思われる人は服用前に医師等に相談すること"",""drug_category"":""解熱鎮痛薬"",""category_limit"":7,""packages"":[{""package_type"":""24錠"",""estimated_days"":4,""capacity_judgment"":""小容量""},{""package_type"":""48錠"",""estimated_days"":8,""capacity_judgment"":""大容量""}]}",ナロン錠は、頭痛・歯痛・生理痛などの様々な痛みに効果的な解熱鎮痛薬です。アセトアミノフェンとエテンザミドの解熱鎮痛作用に加え、ブロモバレリル尿素の鎮静作用により痛みを効果的に和らげます。ピリン系の薬物を含まず、発熱時の解熱にも使用できます。,ナロン錠,＊〇,,,"古い製品のみブロモバレリル尿素配合で指定濫用の対象。
* ナロン錠：【8歳からの発熱・頭痛】に、アセトアミノフェンと依存性のあるブロモvaleryl尿素を配合（指定濫用該当）。
* ナロン顆粒：【1歳からの発熱・頭痛】に、アセトアミノフェンと依存性のあるブロモvaleryl尿素を配合（指定濫用該当）。
* ナロンm：【7歳からの発熱・頭痛】に、眠くならず胃に優しいアセトアミノフェンとビタミン類を配合。
* ナロンエースT：【大人のつらい頭痛・生理痛】に、イブプロフェンとエテンザミドをダブル配合した現在の主流。
* ナロンエースプレミアム：【繰り返すつらい頭痛】に、エテンザミドを増量し胃粘膜保護成分をプラスした最上位版。 """,
2026/07/07 1:52:41,6,乳幼児（7才未満）,妊婦または妊娠していると思われる人は服用前に医師、歯科医師、薬剤師または登録販売者に相談すること,-,"{""basis"":""1錠中"",""ingredients"":[{""name"":""エテンザミド"",""id"":""D01466"",""amount"":200,""unit"":""mg""},{""name"":""アセトアミノフェン"",""id"":""D00217"",""amount"":80,""unit"":""mg""},{""name"":""アリルイソプロピルアセチル尿素"",""id"":""D03975"",""amount"":30,""unit"":""mg""},{""name"":""無水カフェイン"",""id"":""D00528"",""amount"":40,""unit"":""mg""}]}","{""adult_dose"":""2錠：3回を限度とする"",""daily_dose"":6,""prohibited_age"":""乳幼児（7才未満）""}","{""driving_warning"":""運転禁止"",""pregnancy_warning"":""妊婦または妊娠していると思われる人は服用前に医師、歯科医師、薬剤師または登録販売者に相談すること"",""drug_category"":""解熱鎮痛薬"",""category_limit"":7,""packages"":[]}",新セデス錠は4種類の成分を配合することにより、すぐれた鎮痛効果をあらわす非ピリン系解熱鎮痛薬です。速く効き、胃にソフトなのが特徴で、頭痛・月経痛（生理痛）・歯痛・神経痛・腰痛などの痛みの鎮痛や、悪寒・発熱時の解熱に効果を発揮します。,新セデス錠,対象外,,,"""セデスシリーズはすべて対象外
セデスV：【肩こり痛・腰痛】に、非ピリン系成分（アセトアミノフェン等）と疲労を和らげるビタミンB1を配合。
セデス・ハイ：【がまんできない強い頭痛】に、強力なピリン系鎮痛成分IPAと鎮静成分を配合。
セデス・ハイ プロテクト：【強い頭痛＋胃の弱さ】に、強力なIPAに加えて胃酸を中和し胃粘膜を守る成分をプラス。
セデス・ハイG：【がまんできない強い頭痛】に、セデス・ハイと同じ強力なIPAを配合したサッと溶ける顆粒（粉）タイプ。
新セデス錠：【普段の頭痛・生理痛】に、3つの成分で痛みを優しく抑える伝統的な非ピリン系のACE処方""",
2026/07/07 1:55:18,3,15才未満の小児,妊婦又は妊娠していると思われる人は服用前に医師、歯科医師、薬剤師又は登録販売者に相談すること。,-,"{""basis"":""1包(690mg)中"",""ingredients"":[{""name"":""アセトアミノフェン"",""id"":""D00217"",""amount"":300,""unit"":""mg""},{""name"":""エテンザミド"",""id"":""D01466"",""amount"":120,""unit"":""mg""},{""name"":""カフェイン水和物"",""id"":""D01453"",""amount"":70,""unit"":""mg""}]}","{""adult_dose"":""1包×3回"",""daily_dose"":3,""prohibited_age"":""15才未満の小児""}","{""driving_warning"":"""",""pregnancy_warning"":""妊婦又は妊娠していると思われる人は服用前に医師、歯科医師、薬剤師又は登録販売者に相談すること。"",""drug_category"":""解熱鎮痛薬"",""category_limit"":7,""packages"":[{""package_type"":""20包"",""estimated_days"":6.7,""capacity_judgment"":""小容量""},{""package_type"":""40包"",""estimated_days"":13.3,""capacity_judgment"":""大容量""},{""package_type"":""100包"",""estimated_days"":33.3,""capacity_judgment"":""大容量""}]}",ノーシンは、ACE処方の3つの有効成分（アセトアミノフェン、エテンザミド、カフェイン水和物）が協力的に作用して、頭痛などの痛みや熱によく効きます。胃にやさしいのに速く効き、眠くなる成分や習慣性のある成分は含まれていません。,ノーシン,対象外,,,"""ノーシンシリーズはすべて対象外
* オトナノーシンピュア：【生理痛・頭痛】に、IB＋アリルイソプロピルアセチル尿素に胃粘膜保護成分の乾燥水酸化アルミニウムゲルをプラス。
* ノーシンピュア：【女性の生理痛・頭痛】に、速効性のIB＋アリルイソプロピルアセチル尿素＋無水カフェインの定番構成。
* 小中学生用ノーシンピュア：【7〜14歳の生理痛・頭痛】に、子どもに安全なAAPを単一の鎮痛成分として配合した小粒錠。
* ノーシン：【大人の頭痛・発熱】に、素早く溶けて胃に優しい伝統の「ACE処方（AAP＋エテンザミド＋無水カフェイン）」の散剤。
* ノーシン錠：【大人の頭痛・発熱】に、伝統の「ACE処方（AAP＋エテンザミド＋無水カフェイン）」をそのまま錠剤にしたタイプ。
* ノーシンホワイト錠：【頭痛・生理痛】に、眠くなる成分を一切入れず、すっきり飲めるシャープな「ACE処方」の白の錠剤。
* ノーシンアイ頭痛薬：【つらい頭痛】に、IBとAAPをダブル配合し、アリルイソプロピルアセチル尿素や無水カフェインを排除した眠気・カフェインゼロ処方。
* ノーシンアセトアミノフェン錠(A)：【7歳からの頭痛・発熱】に、眠くなる成分やカフェインを一切含まない胃に優しいAAP単味剤。""",
2026/07/07 1:57:47,2,15才未満の小児,妊婦は服用不可、授乳中は服用を避けること,ジフェンヒドラミン,"{""basis"":""2錠中"",""ingredients"":[{""name"":""ジフェンヒドラミン塩酸塩"",""id"":""D00669"",""amount"":50,""unit"":""mg""}]}","{""adult_dose"":""2錠×1回"",""daily_dose"":2,""prohibited_age"":""15才未満の小児""}","{""driving_warning"":""運転禁止"",""pregnancy_warning"":""妊婦は服用不可、授乳中は服用を避けること"",""drug_category"":""催眠鎮静薬"",""category_limit"":5,""packages"":[{""package_type"":""6錠"",""estimated_days"":3,""capacity_judgment"":""小容量""},{""package_type"":""12錠"",""estimated_days"":6,""capacity_judgment"":""大容量""}]}",ドリエルは、ストレスや不規則な生活などによる一時的な不眠（寝つきが悪い、眠りが浅い）の症状を緩和する医薬品です。有効成分であるジフェンヒドラミン塩酸塩が、脳内のヒスタミンの働きを抑えることで眠気を誘発する作用を応用しており、就寝前の服用により効果を発揮します。,ドリエル,〇,,,"ドリエル：【一時的な不眠】に、ジフェンヒドラミン塩酸塩を配合した、量を調節しやすいベーシックな「錠剤」（1回2錠）。
ドリエルEX：【一時的な不眠】に、ジフェンヒドラミン塩酸塩をラベンダー香料等とともに閉じ込めたソフト「カプセル」（1回1カプセル）。",
2026/07/07 2:00:22,9,5歳未満の幼児,授乳中の人は服用しないか、服用する場合は授乳を避けること。妊婦又は妊娠していると思われる人は相談すること。,ジフェンヒドラミン,"{""basis"":""9錠中"",""ingredients"":[{""name"":""ジフェンヒドラミン塩酸塩"",""id"":""D00669"",""amount"":90,""unit"":""mg""}]}","{""adult_dose"":""3錠×3回"",""daily_dose"":9,""prohibited_age"":""5歳未満の幼児""}","{""driving_warning"":""運転禁止"",""pregnancy_warning"":""授乳中の人は服用しないか、服用する場合は授乳を避けること。妊婦又は妊娠していると思われる人は相談すること。"",""drug_category"":""アレルギー用薬"",""category_limit"":5,""packages"":[{""package_type"":""80錠"",""estimated_days"":8.9,""capacity_judgment"":""大容量""},{""package_type"":""120錠"",""estimated_days"":13.3,""capacity_judgment"":""大容量""}]}",じんましん、湿疹、かぶれ、かゆみ、鼻炎に効果を発揮するアレルギー用薬です。体質や健康状態に応じて体内で起こる過敏反応（アレルギー反応）を改善し、じんましんや湿疹などのアレルギー性疾患を治療します。,レスタミンコーワ糖衣錠,〇,,,,
2026/07/07 2:00:56,6,15才未満の小児,出産予定日12週以内の妊婦は服用禁止。妊婦または妊娠していると思われる人、授乳中の人は服用前に医師等に相談。,-,"{""basis"":""2錠中"",""ingredients"":[{""name"":""イブプロフェン"",""id"":""D00126"",""amount"":150,""unit"":""mg""},{""name"":""アリルイソプロピルアセチル尿素"",""id"":""D03975"",""amount"":60,""unit"":""mg""},{""name"":""無水カフェイン"",""id"":""D00528"",""amount"":80,""unit"":""mg""}]}","{""adult_dose"":""2錠×3回"",""daily_dose"":6,""prohibited_age"":""15才未満の小児""}","{""driving_warning"":""運転禁止"",""pregnancy_warning"":""出産予定日12週以内の妊婦は服用禁止。妊婦または妊娠していると思われる人、授乳中の人は服用前に医師等に相談。"",""drug_category"":""解熱鎮痛薬"",""category_limit"":7,""packages"":[{""package_type"":""12錠"",""estimated_days"":2,""capacity_judgment"":""小容量""},{""package_type"":""24錠"",""estimated_days"":4,""capacity_judgment"":""小容量""},{""package_type"":""36錠"",""estimated_days"":6,""capacity_judgment"":""小容量""},{""package_type"":""48錠"",""estimated_days"":8,""capacity_judgment"":""大容量""},{""package_type"":""60錠"",""estimated_days"":10,""capacity_judgment"":""大容量""},{""package_type"":""90錠"",""estimated_days"":15,""capacity_judgment"":""大容量""}]}",イブA錠は、イブプロフェンを配合した解熱鎮痛薬です。イブプロフェンの鎮痛・解熱効果を高めるアリルイソプロピルアセチル尿素と無水カフェインも配合されており、痛みや熱にすばやく優れた効き目をあらわします。月経痛、頭痛、発熱など、様々な痛みに効果があり、のみやすい小粒のフィルムコーティング錠です。,イブA錠,対象外,,,"""イブシリーズはすべて対象外
* イブA錠：【定番の生理痛・頭痛】に、IB150mg＋アリルイソプロピルアセチル尿素＋無水カフェインを配合。
* イブA錠EX：【生理痛が特につらい時】に、主成分のIBを1回量200mgまで増量したイブAの上位版。
* イブ〈糖衣錠〉：【小粒で苦くない】中身は「イブA錠」と全く同じで、表面を甘い膜で包んで飲みやすくしたタイプ。
* イブクイック頭痛薬：【速攻の頭痛】に、IB150mg＋アリルイソプロピルアセチル尿素に胃を守り吸収を速める酸化Mgをプラス。
* イブクイック頭痛薬DX：【つらい頭痛に最速】に、IBを1回量200mgに増量し、さらに酸化Mgを配合した速攻・高効果版。
* イブスリーショットプレミアム：【3大痛（頭・生理・肩こり）】に、IBとAAPをダブル配合（各195mg）し、胃を守る酸化Mgを足した眠くならない最新処方。""",